name,count
Juhani,279082
Olavi,137859
Antero,137338
Tapani,132501
Johannes,131294
Tapio,106354
Mikael,93796
Kalevi,91337
Petteri,70893
Ilmari,68634
Sakari,61119
Matias,54378
Kristian,49600
Pekka,46569
Matti,37672
Kalervo,37450
Oskari,31425
Henrik,31404
Ensio,29348
Markus,27592
Aleksi,24578
Valtteri,23330
Heikki,22763
Erik,20981
Jaakko,19695
Veikko,19068
Eemeli,18355
Samuli,18210
Antti,17966
Armas,15982
Elias,15299
Samuel,14486
Viljami,14148
Onni,13060
Uolevi,12927
Petri,12766
Tuomas,12742
Johan,12064
Lauri,12050
Aleksanteri,12035
Erkki,11993
Jalmari,11901
Emil,11807
Ilari,11183
Alexander,11104
Sebastian,11070
Veli,11037
Santeri,10562
Oliver,10158
Kullervo,10090
Einari,10078
Eino,9899
Allan,9658
Toivo,9590
Aulis,9487
Juho,9457
Eemil,9246
Juha,9195
Aukusti,9178
Martti,8670
Christian,8348
Artturi,7839
Juhana,7704
Hermanni,7487
Väinö,7471
Ville,7454
Akseli,7258
Daniel,7234
Benjamin,7231
Vilhelm,7220
Anton,7215
Valdemar,6872
Elmeri,6871
Pentti,6793
Eero,6780
Mikko,6752
Eerik,6661
Kalle,6551
Paavo,6386
Otto,6287
Jukka,6085
Henrikki,5984
Kaarlo,5947
Julius,5881
Markku,5793
Joonatan,5772
Aatos,5703
Edvard,5508
Vilho,5425
Iisakki,5382
Kustaa,5109
Seppo,5107
Vihtori,5034
Joonas,5021
Topias,4997
August,4891
Anders,4889
Wilhelm,4867
Rafael,4791
Peter,4768
Aarne,4763
Rainer,4741
Taneli,4729
Kari,4650
Leo,4637
Verneri,4465
Marko,4428
Jussi,4361
Herman,4335
Esko,4317
Timo,4297
Nikolai,4252
Robert,4242
Albert,4241
Karl,4132
Hannu,4124
Yrjö,3942
Gustav,3924
Oskar,3897
Andreas,3849
Fredrik,3830
Rikhard,3765
Gunnar,3762
Iivari,3761
Aarre,3641
Kasperi,3575
Aaron,3536
Arvo,3524
Pellervo,3457
Eelis,3421
Pauli,3411
Michael,3343
Patrik,3270
Viljo,3249
Pertti,3240
Olli,3177
Pietari,3149
Risto,3123
Olof,3100
Ilkka,3080
Niilo,3040
Joakim,2954
Mika,2886
William,2885
Päiviö,2866
Henri,2862
Jouko,2826
Esa,2822
Alvar,2810
Vesa,2809
Gabriel,2796
Jeremias,2783
Ari,2774
Reino,2758
Paavali,2751
Aleksander,2746
Jorma,2659
Anselmi,2632
Arvid,2592
Jari,2565
Untamo,2562
Severi,2556
Arto,2552
Eetu,2545
Alfred,2508
Göran,2500
Kauko,2481
Jan,2476
Joel,2459
Henry,2388
Jouni,2358
Urho,2357
Nestori,2343
Eerikki,2340
Janne,2329
Viktor,2324
Oiva,2316
Martin,2298
Sulo,2274
Veikka,2250
Kasper,2248
Tauno,2190
Kaleva,2159
Carl,2149
Taisto,2146
Raimo,2132
Tuomo,2127
Viljam,2126
Lennart,2101
Eljas,2097
Axel,2087
Aaro,2078
Harri,2067
Niklas,2056
Alarik,2040
Ossian,2030
Frans,2025
Edvin,2018
Richard,2011
Arttu,1973
Arvi,1958
Krister,1902
Evert,1892
Rasmus,1891
Eevert,1848
Simo,1844
Oscar,1835
Mattias,1834
Mauri,1827
Lars,1806
Aapeli,1797
Ahti,1793
Hannes,1783
Jarmo,1771
Eliel,1761
Einar,1728
Taavetti,1723
Reijo,1697
Petter,1675
Waltteri,1659
John,1656
Alex,1654
Niko,1645
Christer,1644
Lasse,1623
Asser,1602
Leonard,1598
Anttoni,1579
Aimo,1529
Magnus,1525
Gustaf,1521
Osmo,1514
Hugo,1512
Stefan,1487
Paul,1474
Aleksis,1471
Mathias,1462
Voitto,1462
Verner,1447
Valentin,1430
Mauno,1427
Teemu,1427
Leevi,1424
Sami,1424
Joona,1423
Bernhard,1407
Sulevi,1393
Vili,1362
Ukko,1357
Alpo,1346
Keijo,1334
Unto,1334
Kimmo,1310
Salomon,1309
Eric,1306
Jani,1306
Miika,1304
Antton,1298
Mohamed,1269
Jesse,1267
Valter,1266
Håkan,1253
Ossi,1250
Aslak,1241
Kai,1229
Pasi,1213
Thomas,1212
Jarkko,1196
Jonathan,1192
Waldemar,1188
Birger,1180
Edward,1177
Eeli,1175
Väinämö,1175
Nils,1165
Jyrki,1162
Kyösti,1162
Åke,1146
Albin,1136
Patrick,1134
Harald,1131
Anssi,1119
Ali,1110
Veijo,1107
Veeti,1103
Teuvo,1091
Vilhelmi,1082
Hans,1076
Tero,1054
Ingmar,1052
Harry,1047
Alvari,1036
Juuso,1034
Aapo,1020
Aatu,1005
Adolf,1002
Otso,973
Elis,965
Ismo,963
Emanuel,961
Rudolf,960
Atte,957
Uljas,953
Arthur,952
Asko,947
Marcus,947
Christoffer,932
Sven,924
Aarno,920
Jonatan,919
Kenneth,913
David,903
Kaarle,898
Iisak,894
Ahmed,886
Georg,882
Heimo,881
Tobias,878
Jooseppi,877
Pyry,877
Kristoffer,876
Miikka,875
Roger,870
Hjalmar,859
Jere,850
Kasimir,845
Viking,845
Rauno,836
Eevertti,833
Sisu,833
Ilpo,820
Toni,816
James,809
Tarmo,809
Topi,804
Aki,801
Lassi,801
Nikolas,801
Kaj,799
Ragnar,797
Jesper,793
Helmer,792
Joni,790
Aarni,785
Felix,779
Jalo,761
Yrjänä,760
Luukas,757
Leander,750
Miikkael,748
Jasper,746
Holger,735
Sakarias,735
Asseri,733
Valfrid,728
Cristian,722
Leif,720
Helge,717
Arne,714
Torsten,713
Sauli,712
Max,710
Bertel,709
Osvald,702
Miro,700
Antinpoika,697
Antonio,695
Samu,695
Victor,694
Simeon,692
Christopher,689
Konstantin,681
Wiljami,674
Tommi,673
Benjam,668
Mats,666
Riku,658
Teodor,656
Tomas,655
Aku,654
Roope,653
Isak,650
Walter,649
Adam,646
Lucas,642
Anselm,640
Olav,636
Ferdinand,634
Per,632
Nuutti,629
Taavi,624
André,622
Mauritz,620
Noel,620
Kim,618
Miikael,618
Veli-Matti,615
Konsta,612
Börje,604
Jarno,603
Tuukka,600
Iiro,599
Alfons,598
Tomi,594
Arimo,593
Erland,593
Immanuel,592
Otava,591
Jonas,590
Ole,588
Valtter,585
Ivar,583
Klaus,583
Benjami,581
Artur,577
Ylermi,576
Manuel,571
Matinpoika,569
Maximilian,569
Perttu,558
Juhanpoika,554
Evald,553
Nicolas,550
Adrian,548
Teppo,543
Anthony,542
Jarl,539
Jimi,537
Jakob,527
Aksel,522
Aatto,519
Bengt,517
Elmer,515
Herbert,512
Runar,511
Elliot,507
Stig,506
Sylvester,503
Lenni,499
Tatu,498
Micael,494
Rolf,494
Nooa,493
Jeremia,491
Nicholas,491
Reinhold,491
Nestor,486
Elia,480
Justus,480
Kurt,478
Mikonpoika,478
Saku,476
Esaias,473
Eugen,472
Ove,472
Kosti,470
Uuno,470
Sameli,469
Valo,469
Terho,468
Björn,465
Iikka,465
Petrus,464
Vincent,463
Veli-Pekka,462
Lukas,461
Bo,457
Hassan,456
Miko,452
Simon,451
Salomo,449
Aatami,445
Arnold,443
Bertil,443
Ingemar,443
Kaspian,443
Werner,443
Fabian,442
Urpo,442
Dan,441
Marius,439
Luka,434
Roland,431
Heino,426
Raineri,425
Dimitri,424
Jesperi,423
Abdi,421
Mainio,421
Robin,421
Ben,419
Aadolf,418
Eemi,415
Jyri,414
Casimir,413
Sampo,413
Tom,413
Casper,412
Helmeri,411
Villiam,408
Elmo,406
Ilmo,406
Gösta,405
Hilding,399
Timonpoika,399
Bror,397
Tenho,397
Filip,395
Taito,395
Torvald,394
Hemming,393
Tuure,393
Zacharias,393
Hemminki,392
Jan-Erik,391
Alf,389
Manu,382
Jukanpoika,379
Jörgen,378
Auvo,377
Theodor,377
Augusti,375
Sigurd,367
Leon,366
Wiljam,366
Joachim,365
Ernst,364
Julian,358
Kaapo,358
Heikinpoika,357
Ludvig,356
Jonne,354
Pekanpoika,353
Jalmar,352
Jooa,350
Usko,350
Yngve,349
Jarinpoika,347
Reima,347
Romeo,342
Tor,337
Aleksei,336
Charles,334
Torbjörn,334
Touko,332
Miska,330
Abraham,329
Luca,328
Valto,327
Ruben,324
Ibrahim,321
Bjarne,317
Santtu,317
Torolf,317
Nikodemus,316
Paulus,315
Altti,314
Joseph,309
Rune,308
Bruno,306
Into,306
Ralf,306
Ernesti,305
Jami,303
Nico,299
Urmas,299
Sigfrid,295
Omar,294
Maurits,293
Valio,293
Aron,291
Andrew,289
Akusti,288
Hannunpoika,288
Karinpoika,288
Vertti,288
Philip,287
Ingvald,281
Ulf,281
Maximus,279
Leopold,275
Aamos,274
Mohammed,273
Abdullahi,272
Josef,271
Boris,270
Ingvar,270
George,269
Joosua,269
Konrad,264
Junior,259
Tommy,259
Kusti,258
Roni,258
Torsti,257
Jussinpoika,256
Kristofer,256
Teijo,256
Jean,255
Adiel,252
Amos,251
Jacob,251
Niclas,251
Hussein,250
Andrei,248
Tony,246
Werneri,246
Matts,245
Milo,243
Amadeus,240
Isto,240
Karl-Johan,238
Markunpoika,237
Mikanpoika,236
Gerhard,235
Rami,235
Edwin,233
Karri,233
Lari,228
Tino,225
Jannenpoika,224
Folke,223
Raine,223
Karl-Erik,222
Erno,220
Alexis,219
Elo,219
Eskil,219
Sigvard,219
Hemmo,218
Linus,218
Elof,217
Lee,217
Matteus,216
Sammeli,215
Arinpoika,212
Jens,212
Villehard,211
Arttur,210
Raymond,210
Tiitus,210
Iivo,209
Okko,208
Raafael,208
Kjell,207
Emmanuel,203
Jaakoppi,203
Sixten,203
Uno,203
Oula,202
Ernest,201
Singh,201
Frank,200
Fjalar,199
Jaakonpoika,199
Mio,199
Noah,198
Rurik,197
Mohamud,195
Roy,195
Mico,194
Selim,193
Feliks,191
Rickhard,190
Valde,190
Johnny,189
Leonardo,189
Maunu,189
Mårten,189
Visa,189
Rickard,188
Aappo,187
Gottfrid,187
Marco,186
Atso,184
Kauno,184
Ola,184
Orvo,181
Petrinpoika,180
Harrinpoika,179
Mahamed,177
Kaino,175
Aaretti,174
Elvis,174
Tage,174
Dennis,173
Aate,171
Juha-Pekka,171
Edgar,169
Knut,169
Pekko,169
Abdirahman,168
Ahmad,168
Emilio,168
Peetu,168
Ilo,166
Antto,165
Sten,165
Mario,164
Toimi,164
Noa,163
Ollinpoika,163
Villenpoika,162
Kevin,161
Panu,161
Ariel,160
Filemon,160
Markonpoika,160
Osman,160
René,160
Sture,160
Gideon,159
Henning,159
Rauli,159
Jaakkima,157
Jon,157
Malakias,157
Arno,155
Guy,155
Ilja,155
Jerry,155
Johann,155
Sampsa,155
Erkka,153
Ivan,153
Joose,153
Louis,153
Liam,152
Michel,152
Svante,152
Aleks,151
Ronald,151
Jasperi,150
Joshua,150
Levi,150
Matthias,150
Vidar,150
Alan,149
Karl-Gustav,149
Severin,149
Abdulkadir,148
Matthew,148
Teo,148
Venni,147
Aarto,146
Alberto,146
Algot,146
Alexi,145
Jiri,145
Aaprami,144
Hemmi,144
Mark,144
Alpertti,143
Dominic,143
Yusuf,143
Abel,142
Ismail,142
Jose,142
Kimi,142
Mohammad,142
Patric,142
Sune,142
Carlos,141
Saminpoika,141
Efraim,140
Amin,139
Karim,139
Erkinpoika,138
Francis,138
Kaius,138
Said,138
Juha-Matti,136
Pontus,136
Timoteus,136
Vesanpoika,136
Jori,135
Sanfrid,134
Hermann,133
Jousia,133
Jouninpoika,132
Kent,132
Mertsi,132
Ohto,132
Klas,131
Lars-Erik,131
Osku,131
Roberto,131
Andre,130
Olli-Pekka,130
Berndt,129
Fridolf,129
Kennet,129
Myrsky,128
Nicklas,128
Ristonpoika,128
Soini,128
Carl-Johan,126
Engelbert,126
Ragnvald,126
Thor,126
Waltter,126
Ilkanpoika,125
Jare,125
Brynolf,124
Laurinpoika,124
Luis,124
Sören,124
Valentino,124
Simeoni,123
Emerik,122
Vilpas,122
Vilppu,122
Miguel,121
Niila,121
Nikanor,121
Alejandro,120
Pasinpoika,120
Per-Erik,120
Sergei,120
Eeronpoika,119
Esanpoika,117
Israel,116
Neo,115
Timi,115
Akilles,113
Aleksandr,113
Antoni,113
Juhan,113
Alexandre,112
Jaakob,112
Jimmy,112
Minh,112
Staffan,112
Ture,112
Greger,111
Ricardo,111
Wilhelmi,111
Eenokki,110
Mihail,110
Wäinö,110
Tim,109
Andres,108
Eppu,108
Oswald,108
Abdullah,107
Jukka-Pekka,107
Kuisma,107
Martinpoika,107
Rikard,107
Thorvald,107
Erling,106
Ian,106
Seponpoika,106
Tuomaanpoika,106
Wille,106
Aake,105
Arsi,105
Elian,105
Niki,105
Olle,105
Veini,105
Angelo,104
Isidor,104
Sven-Erik,104
Alvin,102
Eeti,102
Lionel,102
Matteo,102
Natanael,102
Daavid,101
Juhaninpoika,100
Teronpoika,100
Vladimir,100
Volmar,100
Hendrik,99
Ludwig,99
Poika,99
Robertino,99
Uula,99
Ananias,98
Damien,98
Ernfrid,98
Hasan,98
Janinpoika,98
Ernesto,97
Herkko,97
Huugo,97
Raino,97
Salama,97
Tapionpoika,97
Tore,97
Fernando,96
Jarmonpoika,96
Jeremy,96
Kumar,96
Theo,96
Walfrid,95
Anshelm,94
Ari-Pekka,94
Bernt,94
Erkko,94
Abbas,93
Artonpoika,93
Jack,93
Mikaeli,93
Nikolaus,93
Alvi,92
Finn,92
Jason,91
Juhonpoika,91
Kimmonpoika,91
Nathaniel,91
Aslan,90
Christofer,90
Edvart,90
Egil,90
Enok,90
Petja,90
Amir,89
Asmo,89
Caspian,89
Feodor,89
Jim,89
Asarias,88
Eirik,88
Mahmoud,88
Pentinpoika,88
Alessandro,87
Franz,87
Jama,87
Jan-Anders,87
Kunto,87
Willem,87
Abiel,86
Josua,86
Mies,86
Olov,86
Severus,85
Willehard,85
Abram,84
Jan-Olof,84
Jonny,84
Nicolai,84
Roobert,84
Sasu,84
Tahvo,84
Terno,84
Aden,83
Joeli,83
Sigvald,83
Steven,83
Vieno,83
Vilperi,83
Isac,82
Tristan,82
Wolfgang,82
Gilbert,81
Jarkonpoika,81
Pirkka,81
Reza,81
Volter,81
Andrea,80
Erich,80
Igor,80
Joa,80
Kristo,80
Kuutti,80
Leonel,80
Tuomonpoika,80
Volmari,80
Eliot,79
Ismael,79
Morris,79
Odin,79
Petrik,79
Saul,79
Tomminpoika,79
Turo,79
Carl-Gustav,78
Edmund,78
Fritiof,78
Joosef,78
Mustafa,78
Aati,77
Friedrich,77
Kaspar,77
Raikas,77
Reko,77
Sam,77
Simonpoika,77
Vilpertti,77
Francisco,76
Heinrich,76
Hung,76
Kallenpoika,76
Marcel,76
Mooses,76
Rene,76
Isaac,75
Mahamud,75
Maxim,75
Pietu,75
Timothy,75
Tuisku,75
Albinus,74
Crister,74
Farah,74
Hiskias,74
Mirko,74
Wihtori,74
Östen,74
Anh,73
Eduard,73
Kunnari,73
Reidar,73
Stefanus,73
Valeri,73
Valerian,73
Venneri,73
Frederick,72
Frederik,72
Morgan,72
Pertinpoika,72
Pierre,72
Samir,72
Stephen,72
Atro,71
Eduardo,71
José,71
Markuksenpoika,71
Thanh,71
Valpas,71
Aabraham,70
Aale,70
Antonius,70
Arhippa,70
Brian,70
Manne,70
Alec,69
Auno,69
Jerker,69
Jormanpoika,69
Alexsander,68
Benny,68
Enrique,68
Hiski,68
Mickael,68
Ville-Veikko,68
Abdul,67
Aleksius,67
Alpi,67
Can,67
Carlo,67
Elijah,67
Eskonpoika,67
Jermu,67
Joukonpoika,67
Penjami,67
Petro,67
Raul,67
Ryan,67
Turkka,67
Ahto,66
Ano,66
Anto,66
Armando,66
Constantin,66
Douglas,66
Harras,66
Jamiel,66
Jonni,66
Mateo,66
Milton,66
Nathan,66
Nils-Erik,66
Raphael,66
Ulrik,66
Wilmer,66
Bastian,65
Iivar,65
Immo,65
Moritz,65
Angel,64
Bo-Erik,64
Caj,64
Hans-Erik,64
Jamal,64
Jyrkinpoika,64
Marc,64
Olivier,64
Ronny,64
Toninpoika,64
Conny,63
Jetro,63
Long,63
Muhammad,63
Oliwer,63
Samppa,63
Tuan,63
Tyko,63
Antreas,62
Aziz,62
Carl-Erik,62
Carolus,62
Conrad,62
Eugén,62
Glenn,62
Peder,62
Roopertti,62
Erhard,61
Frej,61
Haakon,61
Mikail,61
Scott,61
Stephan,61
Caius,60
Donald,60
Gunnari,60
Javier,60
Jerome,60
Lemmy,60
Luke,60
Miki,60
Nino,60
Nur,60
Ray,60
Rikhart,60
Teemunpoika,60
Uuras,60
Arijoutsi,59
Francesco,59
Joacim,59
Kostia,59
Leino,59
Mahdi,59
Tominpoika,59
Allani,58
Bashir,58
Elja,58
Feeliks,58
Jeremi,58
Juan,58
Kustavi,58
Lorenz,58
Sirius,58
Alexei,57
Atle,57
Juri,57
Lawrence,57
Miihkali,57
Akinpoika,56
Andréas,56
Damian,56
Eikka,56
Jaska,56
Joe,56
Khalid,56
Philippe,56
Rufus,56
Wiktor,56
Antony,55
Denis,55
Emre,55
Fritjof,55
Giovanni,55
Rahman,55
Sylvesteri,55
Woldemar,55
Ale,54
Armo,54
Clas,54
Nemo,54
Nyyrikki,54
Sean,54
Thure,54
Ami,53
Deniz,53
El,53
Ingolf,53
Jaani,53
Miio,53
Nelson,53
Reijonpoika,53
Roman,53
Ronnie,53
Vasili,53
Attila,52
Eeliel,52
Hubert,52
Jaako,52
Theodore,52
Tor-Erik,52
Xavier,52
Andrés,51
Chris,51
Dominik,51
Ethan,51
Felipe,51
Henric,51
Janiel,51
Lorentz,51
Pertteli,51
Phong,51
Sheikh,51
Trygve,51
Bernard,50
Dani,50
Hoang,50
Jupiter,50
Kainpoika,50
Maksim,50
Manfred,50
Rinaldo,50
Totti,50
Urban,50
Wilho,50
Abdirashid,49
Askonpoika,49
Benedict,49
Ensiö,49
Gordon,49
Gotthard,49
Heimer,49
Huy,49
Jafet,49
Kaapriel,49
Kare,49
Kasmir,49
Lennard,49
Lorenzo,49
Marie,49
Maurice,49
Mikke,49
Oma,49
Paavonpoika,49
Pablo,49
Santiago,49
Seth,49
Sipi,49
Abdirizak,48
Abukar,48
Aito,48
Dean,48
Jan-Peter,48
Kerkko,48
Marek,48
Nam,48
Pavel,48
Per-Olof,48
Sharif,48
Sven-Olof,48
Yasin,48
Asla,47
Aukust,47
Elmar,47
Hai,47
Henrinpoika,47
Jaan,47
Jan-Henrik,47
Jarnonpoika,47
Lassenpoika,47
Maria,47
Miklas,47
Milan,47
Odert,47
Raoul,47
Samueli,47
Titus,47
Viggo,47
Aadam,46
Faisal,46
Henteri,46
Jan-Mikael,46
Jyry,46
Karl-Henrik,46
Mitja,46
Niiles,46
Orion,46
Renne,46
Ville-Petteri,46
Albertti,45
Alexanteri,45
Anian,45
Antoine,45
Carl-Henrik,45
Frithiof,45
Juhanni,45
Ken,45
Maurinpoika,45
Muisto,45
Pärttyli,45
Sefanias,45
Sihveri,45
Voldemar,45
Dung,44
Duy,44
Erasmus,44
Fritz,44
Göte,44
Jay,44
Karolus,44
Mortimer,44
Nikolaj,44
Runo,44
Sebastien,44
Silvo,44
Vaito,44
Vesa-Matti,44
Abdel,43
Allen,43
Brage,43
Dahir,43
Hamid,43
Jeremiah,43
Kari-Pekka,43
Mahad,43
Marlon,43
Mauriz,43
Mohamad,43
Norman,43
Rabbe,43
Saleh,43
Valtti,43
Abdifatah,42
Anthon,42
Arman,42
Florian,42
Fred,42
Jahvetti,42
Jali,42
Jürgen,42
Lars-Johan,42
Malik,42
Melker,42
Paolo,42
Pedro,42
Stuart,42
Vesteri,42
Willy,42
Adan,41
Alexandros,41
Anwar,41
Apollo,41
Bruce,41
Enrico,41
Jacques,41
Jooel,41
Misael,41
Mitro,41
Nikita,41
Pehr,41
Tapaninpoika,41
Vinh,41
Bao,40
Benedikt,40
Colin,40
Curt,40
Eli,40
Giuseppe,40
Jasu,40
Justin,40
Khaled,40
Mike,40
Nathanael,40
Olaf,40
Poju,40
Rashid,40
Teofilus,40
Dick,39
Engelbrekt,39
Hieu,39
Ilias,39
Jan-Ole,39
Jari-Pekka,39
Musa,39
Paulinpoika,39
Pete,39
Rauni,39
Rikunpoika,39
Stig-Erik,39
Styrbjörn,39
Timotei,39
Velmeri,39
Verne,39
Vilhard,39
Aalto,38
Abdallah,38
Adil,38
Arturo,38
Augusto,38
Aurelius,38
Christoph,38
Claes,38
Eugene,38
Evan,38
Georges,38
Hadi,38
Helmut,38
Jaro,38
Karo,38
Khang,38
Per-Ole,38
Petterinpoika,38
Päivö,38
Ramon,38
Sulho,38
Taha,38
Ted,38
Ukko-Pekka,38
Valle,38
Alain,37
Fredric,37
Gregory,37
Melvin,37
Miikanpoika,37
Saad,37
Saeed,37
Thorolf,37
Ville-Valtteri,37
Vilmeri,37
Winston,37
Abd,36
Abdikarim,36
An,36
Ante,36
Augustus,36
Bror-Erik,36
Claude,36
Diego,36
Hampus,36
Harold,36
Ilmar,36
Isse,36
Jyrinpoika,36
Keith,36
Matheo,36
Maximillian,36
Muhammed,36
Orlando,36
Pepe,36
Quang,36
Thien,36
Vesa-Pekka,36
Aabel,35
Anteri,35
Carl-Gustaf,35
Dieter,35
Ewald,35
Gaabriel,35
Gerald,35
Hanno,35
Hussain,35
Jordan,35
Kamal,35
Karel,35
Karlo,35
Kiril,35
Lam,35
Love,35
M.,35
Raimonpoika,35
Reguel,35
Rico,35
Salah,35
Salih,35
Siimon,35
Son,35
Suleiman,35
Walther,35
Abner,34
Anssinpoika,34
Eemel,34
Elliott,34
Ensi,34
Erwin,34
Esteban,34
Georgios,34
Hasse,34
John-Erik,34
Kaappo,34
Moses,34
Nalle,34
Olavinpoika,34
Roine,34
Salvador,34
Alexandr,33
Andrej,33
Asad,33
Cuong,33
Dylan,33
Emile,33
Kristjan,33
Lewis,33
Marcos,33
Musse,33
Napoleon,33
Niku,33
Perttuli,33
Pessi,33
Prasad,33
Raminpoika,33
Remu,33
Tryggve,33
Wiking,33
Wilbert,33
Abed,32
Alexej,32
Anatoli,32
Anteronpoika,32
Anttu,32
Assar,32
Augustin,32
Charlie,32
Eetvartti,32
Gregorius,32
Gunnarsson,32
Habib,32
Heinz,32
Hilarius,32
Hjalmari,32
Jarko,32
Jaromir,32
Kofi,32
Kotivalo,32
Kuura,32
Malcolm,32
Maxwell,32
Mehdi,32
Nikolaos,32
Ossinpoika,32
Peik,32
Ralph,32
Reh,32
Ruuben,32
Salim,32
Saska,32
Solomon,32
Stanley,32
Steve,32
Tan,32
Walentin,32
Valte,32
Veikonpoika,32
Zakarias,32
Aapraham,31
Basilius,31
Brandon,31
Camilo,31
Caspar,31
Egon,31
Elijas,31
Harto,31
Hilmer,31
Jasse,31
Jr,31
Kivi,31
Konstantinos,31
Laurent,31
Manasse,31
Oras,31
Sayed,31
Viet,31
Willhelm,31
Adnan,30
Alfonso,30
Atlas,30
Cameron,30
Cornelis,30
Dag,30
Dat,30
Duc,30
Eddie,30
Frejvid,30
Haidar,30
Hakim,30
Hakon,30
Harrison,30
Havu,30
Imanuel,30
Kaapro,30
Launo,30
Laurentius,30
Liban,30
Mehmet,30
Rahim,30
Raimond,30
Ross,30
Salad,30
Abdinasir,29
Ailo,29
Alpiin,29
Arho,29
Artemi,29
Cornelius,29
Cristoffer,29
Eevald,29
Elon,29
Enzo,29
Hao,29
Hector,29
Hossain,29
Ismonpoika,29
Jirka,29
Joninpoika,29
Juho-Pekka,29
Kauri,29
Lamin,29
Leonid,29
Ming,29
Neil,29
Nikonpoika,29
Samulinpoika,29
Sepeteus,29
Tam,29
Ulrich,29
Wayne,29
Wiliam,29
Vu,29
Yrjönpoika,29
Aaroni,28
Abdalla,28
Aidan,28
Alfredo,28
Anselmo,28
Anttonio,28
Axl,28
Binh,28
Cedric,28
Cesar,28
Claudio,28
Claus,28
Eenok,28
Efe,28
Eilo,28
Emir,28
Filippus,28
Hashim,28
Howard,28
Inge,28
Juusonpoika,28
Kaan,28
Kristopher,28
Markko,28
Markos,28
Masi,28
Mikkel,28
Muhamed,28
Måns,28
Philipp,28
Pietro,28
Prince,28
Reeti,28
Reinhard,28
Salem,28
Setti,28
Timjami,28
Valerius,28
Veli-Juhani,28
Vili-Valtteri,28
Villehart,28
Wilson,28
Zakaria,28
Aaret,27
Al,27
Alek,27
Antti-Pekka,27
Ate,27
Aunus,27
Eiler,27
Eliah,27
Emin,27
Fredrick,27
Hamed,27
Hesekiel,27
Jelmeri,27
Jouka,27
Juha-Petteri,27
Mostafa,27
Nabil,27
Peetter,27
Ramses,27
Sakaria,27
Sander,27
Seemi,27
Van,27
Veli-Petteri,27
Abdisalam,26
Alvaro,26
Anterus,26
Aurelio,26
Bilal,26
Björnsson,26
Dan-Anders,26
Enzio,26
Ewert,26
Farhan,26
Francois,26
Guido,26
Hamza,26
Jaajo,26
Juhananpoika,26
Juuse,26
Kanervo,26
Khan,26
Kosmo,26
Luciano,26
Maksimus,26
Nana,26
Nietos,26
Nikodeemus,26
Paulo,26
Ponteva,26
Pär,26
Reipas,26
Ruudolf,26
Salman,26
Salomoni,26
Sippo,26
Stepan,26
Stig-Göran,26
Syväri,26
Tarvo,26
Trung,26
Vihtor,26
Vilbert,26
Wolmar,26
Äänis,26
Abdirisak,25
Abshir,25
Adel,25
Aksu,25
Alari,25
Alexius,25
Andy,25
Atenpoika,25
Ayman,25
Dante,25
Ebenhard,25
Eemu,25
Elton,25
Emppu,25
Esa-Pekka,25
Gerard,25
Gunder,25
Heribert,25
Hossein,25
Ilppo,25
Kenth,25
Khalil,25
Leonhard,25
Lillebror,25
Mateus,25
Mikki,25
Olai,25
Owe,25
Pauno,25
Phuc,25
Piotr,25
Raunonpoika,25
Taher,25
Tien,25
Tri,25
Tung,25
Voima,25
Yassin,25
Aapram,24
Aare,24
Aari,24
Abdikadir,24
Abdulahi,24
Abdulle,24
Aleksinpoika,24
Bin,24
Cay,24
Cristiano,24
Eddine,24
Elmi,24
Elsayed,24
Graham,24
Idris,24
Jan-Gustav,24
Julio,24
Jussi-Pekka,24
Karl-Oskar,24
Klemetti,24
Nhat,24
Oleksi,24
Ora,24
Sakarinpoika,24
Salvatore,24
Sébastien,24
Seelim,24
Siegfried,24
Sipri,24
Tarek,24
Timitri,24
Toomas,24
Tor-Björn,24
Toussaint,24
Walid,24
Viliam,24
Abdiasis,23
Ahvo,23
Akbar,23
Akram,23
Angus,23
Antti-Juhani,23
Aram,23
ben,23
Daniil,23
Elvin,23
Hatem,23
Hong,23
Htoo,23
Jabbar,23
Jeffrey,23
Jero,23
Jorge,23
Julien,23
Kamil,23
Kaukonpoika,23
Koitto,23
Lars-Göran,23
Lenne,23
Léon,23
Leonidas,23
Marlo,23
Mats-Erik,23
Miiko,23
Nikke,23
Nikola,23
Oleg,23
Paul-Erik,23
Peeter,23
Reetrikki,23
Robinson,23
Rudi,23
Sinuhe,23
Thorbjörn,23
Torleif,23
Veerti,23
Vicente,23
Vilkas,23
Vinski,23
Wolter,23
Yaw,23
Aadiel,22
Antte,22
Armin,22
Artunpoika,22
Björnson,22
Dmitri,22
Dominicus,22
Ebbe,22
Eedvard,22
Ervo,22
Florentin,22
Fouad,22
Fuad,22
Inari,22
Jamil,22
Jayden,22
Jiro,22
Joonaksenpoika,22
Joonia,22
Kareem,22
Kenny,22
Khadar,22
Khanh,22
Kilian,22
Kirill,22
Lippo,22
Marcelo,22
Mariano,22
Milian,22
Mumin,22
Nicodemus,22
Nils-Johan,22
Owen,22
Rayan,22
Rio,22
Tarmonpoika,22
Tito,22
Umberto,22
Weikko,22
Velu,22
Ville-Pekka,22
Vilmer,22
Vincenzo,22
Yousef,22
Zachary,22
Aapro,21
Alve,21
Amandus,21
Angelos,21
Arif,21
Arviiti,21
Astor,21
Awad,21
Baran,21
Christophe,21
Cosmo,21
Eeka,21
Eelovi,21
François,21
Haji,21
Hashi,21
Henrikinpoika,21
Hoa,21
Holgersson,21
Hubertus,21
Ilves,21
Ilyas,21
Jake,21
Jamie,21
Joska,21
Junnu,21
Karl-Gunnar,21
Khoa,21
Lalli,21
Mikaelsson,21
Miles,21
Morten,21
Nguyen,21
Otonpoika,21
Reittu,21
Roald,21
Sverker,21
Thang,21
Tomsson,21
Tor-Leif,21
Varma,21
Vikke,21
Viktori,21
Wäinämö,21
Yasir,21
Youssef,21
Abdiaziz,20
Abdulla,20
Abdulqadir,20
Anakin,20
Armand,20
Benhard,20
Cecil,20
Derek,20
Desmond,20
Don,20
Ejvind,20
Ermo,20
Esajas,20
Eyolf,20
Halti,20
Huuko,20
Isaiah,20
István,20
Jan-Kristian,20
Jan-Ove,20
Jasim,20
Jeppe,20
Jevgeni,20
Jonah,20
Kaaleppi,20
Kaj-Erik,20
Kalevinpoika,20
Karl-Gustaf,20
Karl-Mikael,20
Kaukomieli,20
Keijonpoika,20
Keimo,20
Kelpo,20
Larsson,20
Leif-Erik,20
Miiro,20
Mustaf,20
Niilas,20
Olli-Petteri,20
Panunpoika,20
Per-Johan,20
Phillip,20
Pieti,20
Russell,20
Sakeus,20
Salaad,20
Silvio,20
Stefano,20
Thai,20
Tuomaksenpoika,20
Valteri,20
Väinämöinen,20
A,19
Abdikarin,19
Amar,19
Ambrosius,19
Amer,19
Antrei,19
Aston,19
Awil,19
Birgersson,19
Calle,19
Campbell,19
Dario,19
Darius,19
Dominique,19
Eren,19
Evertti,19
Gunvald,19
Hardy,19
Idiris,19
Ignacio,19
Ismari,19
Jedi,19
Jeri,19
Jofiel,19
Jokke,19
Juhamatti,19
Kanerva,19
Kemal,19
Kwame,19
Kyle,19
Lahja,19
Lenny,19
Lion,19
Mahmood,19
Mathew,19
Merlin,19
Mert,19
Milko,19
Nicola,19
Niilonpoika,19
Nuur,19
Omer,19
Phat,19
Riko,19
Ron,19
Sakke,19
Sang,19
Silas,19
Taimo,19
Teijonpoika,19
Wali,19
Valtari,19
Veetu,19
Velimies,19
Wictor,19
Villehad,19
A.,18
Aaronpoika,18
Abdulrahman,18
Adi,18
Alessio,18
Alexandru,18
Ansio,18
Aramis,18
Bengtsson,18
Carl-Axel,18
Carl-Magnus,18
Carl-Mikael,18
Daniele,18
Danny,18
Eki,18
Erick,18
Franklin,18
Fride,18
Glen,18
Guillermo,18
Göransson,18
Hagi,18
Han,18
Hani,18
Henryk,18
Jannis,18
Josia,18
Jymy,18
Kaleb,18
Kiet,18
Leimu,18
Lennon,18
Leonpoika,18
Liinus,18
Maher,18
Maxime,18
Michele,18
Mickel,18
Mihael,18
Mortti,18
Muhumed,18
Niko-Petteri,18
Noor,18
Olaus,18
Ontrei,18
Patricio,18
Peikko,18
Petros,18
Raj,18
Riku-Petteri,18
S.,18
Sakunpoika,18
Sinan,18
Stefanos,18
Sverre,18
Tancred,18
Tawan,18
Torstensson,18
Truong,18
Uriel,18
Warren,18
Warsame,18
Wei,18
Yahya,18
Yves,18
Aabram,17
Agathon,17
Ales,17
Alois,17
Alonso,17
Amine,17
Antamo,17
Arda,17
Ari-Matti,17
Arviid,17
Aweis,17
Bahadur,17
Claudius,17
Clifford,17
Dai,17
Dan-Erik,17
De,17
Dorian,17
Edouard,17
Emeka,17
Emiel,17
Eskeli,17
Feija,17
Frédéric,17
Gaius,17
Harley,17
Horst,17
Ignatius,17
Isko,17
Ivanov,17
Joaquim,17
Jones,17
Joonathan,17
Juska,17
Kamau,17
Karhu,17
Karl-Axel,17
Kasten,17
Khalaf,17
Lars-Olof,17
László,17
Leijonamieli,17
Leslie,17
M,17
Mahmud,17
Marvin,17
Mauricio,17
Mohamoud,17
Mubarak,17
Muse,17
Oliveri,17
Onni-Pekka,17
Osma,17
Per-Håkan,17
Phuong,17
Raza,17
Renny,17
River,17
Roi,17
Rolle,17
Ronaldo,17
Salam,17
Samson,17
Sandor,17
Sivert,17
Tadeusz,17
Tai,17
Touho,17
Uddin,17
Utria,17
Vanamo,17
Veijonpoika,17
Venne,17
Aarnenpoika,16
Abdiwali,16
Akira,16
Aleksej,16
Allari,16
Alvian,16
Anas,16
Andersson,16
Ansgarius,16
Arian,16
Bob,16
Bryan,16
Calvin,16
Clas-Göran,16
Dang,16
Daud,16
Eemili,16
Emiliano,16
Georgi,16
Grigori,16
Gudmund,16
Gustavo,16
Heppu,16
Iqbal,16
Islam,16
Jesus,16
Joutsi,16
Jr.,16
Kadhim,16
Kadir,16
Karl-Anders,16
Kit,16
Klemens,16
Knutsson,16
Kwabena,16
Lambert,16
Lassinpoika,16
Lucien,16
Michal,16
Nehemia,16
Norbert,16
Nuuti,16
Oscari,16
Pyry-Petteri,16
Quan,16
Raphaël,16
Riccardo,16
Rony,16
Sakri,16
Sammy,16
Santero,16
Sem,16
Serafim,16
Sherif,16
Soe,16
Sointu,16
Stanislaw,16
Sten-Erik,16
Teponpoika,16
Tiger,16
Tuukanpoika,16
Ukri,16
Uwe,16
Valmari,16
Weeti,16
Veli-Valtteri,16
Venner,16
Wesley,16
Vide,16
Aage,15
Abdirahim,15
Abdirisaq,15
Alpert,15
Alwan,15
Alwar,15
Amiin,15
Ammar,15
Anthonio,15
Antti-Jussi,15
Arn,15
Augustinus,15
Azad,15
Bengt-Erik,15
Bo-Göran,15
Caleb,15
Carl-Oscar,15
Carol,15
Chandra,15
Christiaan,15
Clark,15
Cristofer,15
Cristopher,15
Davin,15
Didrik,15
Dimitrios,15
Duncan,15
Duong,15
Ejnar,15
Ensti,15
Fadhil,15
Faruk,15
Federico,15
Feelix,15
Fenix,15
Fingal,15
Fox,15
Franco,15
Frederic,15
Gary,15
Gert,15
Gottfried,15
Gregor,15
Gregorio,15
Henrynpoika,15
Ibn,15
Ihab,15
Iisai,15
Ilarinpoika,15
Ilponpoika,15
Jackson,15
Jakke,15
Janrik,15
Jawad,15
Jerenpoika,15
Juhannes,15
Juho-Matti,15
Jules,15
Juniori,15
Jurkka,15
Kaaperi,15
Kaaprieli,15
Kalev,15
Kari-Matti,15
Karsten,15
Khalif,15
Kosmos,15
Krishna,15
Le,15
Luigi,15
Magnusson,15
Maksimilian,15
Martinus,15
Massimo,15
Matti-Juhani,15
Mattis,15
Mohsen,15
Mursal,15
Muuse,15
Nehemias,15
Nisse,15
Osmonpoika,15
Pertunpoika,15
Phu,15
Qasim,15
Reddy,15
Rieti,15
Righard,15
Risto-Matti,15
Rodolfo,15
Roopert,15
Sabri,15
Saleban,15
Sasha,15
Seeti,15
Sigismund,15
Stig-Johan,15
Stig-Olof,15
Suleyman,15
Tariq,15
Tomasz,15
Viima,15
Wilhard,15
Adolfo,14
Ahmet,14
Albanus,14
Alonzo,14
Alrik,14
András,14
Arseni,14
Artti,14
Ashraf,14
Bert,14
Billy,14
Bradley,14
Bruuno,14
Burhan,14
Carlsson,14
Chun,14
Danilo,14
Dave,14
de,14
Dino,14
Eelia,14
Ekku,14
Eldin,14
Fadel,14
Fatah,14
Gaston,14
Günther,14
H.,14
Hamilton,14
Hayder,14
Hektor,14
Herrick,14
Hien,14
Hugh,14
Iippo,14
Jan-Christian,14
Jarl-Erik,14
Jie,14
Joar,14
Jochen,14
Joosia,14
Juho-Petteri,14
Jusa,14
Jussa,14
Jörn,14
Kallas,14
Kamran,14
Karl-Göran,14
Karl-Olof,14
Kian,14
Kingsley,14
Kwaku,14
Kyöstinpoika,14
Lloyd,14
Lorens,14
Lowe,14
Majid,14
Man,14
Marley,14
Mattia,14
Nataniel,14
Pelle,14
Per-Henrik,14
Perttyli,14
Per-Åke,14
Peteri,14
Raikko,14
Ram,14
Ramadan,14
Rasheed,14
Reinonpoika,14
Richardo,14
Richart,14
Rodrigo,14
Rogert,14
Sadik,14
Santino,14
Santos,14
Shire,14
Sidney,14
Simo-Pekka,14
Tatunpoika,14
Tu,14
Tyler,14
Ulfsson,14
Vadim,14
Wah,14
Wai,14
Veli-Mies,14
Vili-Petteri,14
Ville-Matti,14
Vitali,14
Vito,14
Vittorio,14
Väinönpoika,14
Yasser,14
Younes,14
Yussuf,14
Zaki,14
Aarretti,13
Abdillahi,13
Abdiqani,13
Abdulgadir,13
Abdulkarim,13
Adalbert,13
Aki-Petteri,13
Alexsanteri,13
Aman,13
Andrè,13
Ara,13
Arjo,13
Armani,13
Artjom,13
Atos,13
Ayoub,13
Bernardo,13
Birk,13
Cheng,13
Chinedu,13
Christiansson,13
Clarence,13
Cong,13
Derrick,13
Domenico,13
Eberhard,13
Ebrahim,13
Eddy,13
Edel,13
Eden,13
Eepi,13
Einonpoika,13
Elieser,13
Ezekiel,13
Fahad,13
Ferenc,13
Filippo,13
Firas,13
Folkern,13
Gia,13
Gottlieb,13
Grant,13
Gunhard,13
Günter,13
Haider,13
Hartti,13
Henrique,13
Ho,13
Håkansson,13
Ilmarinen,13
Issa,13
Ivo,13
J,13
Jaber,13
Jalal,13
Janos,13
Jari-Matti,13
Jeriko,13
Jerzy,13
Jockum,13
Jone,13
Jun,13
Kaiku,13
Kasim,13
Kay,13
Kiminpoika,13
Kirmo,13
Kuno,13
Kurt-Erik,13
Kweku,13
Kwesi,13
Lars-Åke,13
Lennu,13
Marino,13
Matheus,13
Matsson,13
Melchior,13
Migael,13
Mikaelinpoika,13
Miklos,13
Miku,13
Miroslav,13
Mitchell,13
Muhiadin,13
Muktar,13
Muslim,13
Niels,13
Niillas,13
Olofsson,13
Ortamo,13
Orvar,13
Otieno,13
Pascal,13
Pekka-Juhani,13
Petersson,13
Petrov,13
Pieter,13
Raad,13
Raffaele,13
Saamuel,13
Sabah,13
Saiid,13
Sankari,13
Sefania,13
Sepastian,13
Silva,13
Taave,13
Talib,13
Taru,13
Taunonpoika,13
Taylor,13
Teddy,13
Teofiilus,13
Terence,13
Timur,13
Toan,13
Torgny,13
Troy,13
Tuovi,13
Ulf-Erik,13
Uoti,13
Velimatti,13
Velinpoika,13
Veli-Tapio,13
Velmu,13
Wibe,13
Viki,13
Vilpert,13
Yousif,13
Zachris,13
Åkesson,13
Örjan,13
Aadan,12
Aapi,12
Abdihakim,12
Abdulkareem,12
Abiodun,12
Agostino,12
Agustin,12
Ailu,12
Alam,12
Alef,12
Alexandro,12
Almar,12
Almer,12
Aly,12
Amor,12
Ananda,12
Anseli,12
Ansu,12
Aret,12
Aryan,12
Aurinko,12
Auvonpoika,12
Bertelsson,12
Byron,12
Carl-Anton,12
Carl-Eric,12
Cedrik,12
Clement,12
Connor,12
Craig,12
Dietrich,12
Donatus,12
Edmond,12
Eleasar,12
Ellert,12
Erpo,12
Ervin,12
Farhad,12
Farid,12
Feeli,12
Fionn,12
Freddy,12
Fridolin,12
Fuaad,12
Giorgio,12
Hafidh,12
Hamad,12
Hamdi,12
Helmuth,12
Hendry,12
Hisham,12
Hunter,12
Hüseyin,12
Iironpoika,12
Iivana,12
Imre,12
Jacobus,12
Jaime,12
Jakov,12
Jan-Åke,12
Jasin,12
Jauri,12
Jeeli,12
Jonnenpoika,12
Kaaleb,12
Kaijus,12
Kapriel,12
Karl-Fredrik,12
Karol,12
Kasem,12
Kelvin,12
Kien,12
Kjell-Erik,12
Kojo,12
Kunnar,12
Kuu,12
Lars-Anders,12
Laurence,12
Lennox,12
Leroy,12
Lev,12
Lin,12
Lothar,12
Luan,12
Luc,12
Lyly,12
Manunpoika,12
Martimo,12
Masa,12
Miitri,12
Mikhael,12
Mino,12
Misa,12
Mukhtar,12
Nandor,12
Ngoc,12
Nichlas,12
Niklaus,12
Noël,12
Oke,12
Onerva,12
Onnimanni,12
Otmar,12
Oulas,12
Phi,12
Phuoc,12
Quentin,12
Rainerinpoika,12
Reini,12
Revontuli,12
Rex,12
Rolfsson,12
Ruslan,12
Samael,12
Saulinpoika,12
Seet,12
Sergio,12
Silver,12
Solmu,12
Tawfik,12
Teppana,12
Teuvonpoika,12
Theodoros,12
Thinh,12
Thore,12
Timo-Pekka,12
Valtterinpoika,12
Vasama,12
Velipekka,12
Vesseli,12
Wili,12
Willhard,12
Vitalis,12
Yang,12
Yaseen,12
Yuan,12
Öyvind,12
Aaku,11
Aaponpoika,11
Abdelrahman,11
Abdiweli,11
Aiden,11
Akselinpoika,11
Alaric,11
Albiinus,11
Aleksanter,11
Alistair,11
Alpin,11
Amaru,11
Amon,11
Anatole,11
Antonino,11
Anttoo,11
Apollon,11
Aran,11
Aras,11
Arash,11
Arhi,11
Arni,11
Arwid,11
Asif,11
Askal,11
Aslakki,11
Benito,11
Berk,11
Bore,11
Boy,11
Brendan,11
Carl-Anders,11
Castor,11
Dage,11
Dale,11
Damon,11
Dinh,11
Diyar,11
Edoardo,11
Enrik,11
Enso,11
Everett,11
Evgeni,11
Eyvind,11
Ezra,11
Faysal,11
Fidel,11
Filipe,11
Geoffrey,11
Germund,11
Hannu-Pekka,11
Haydar,11
Heiner,11
Heljo,11
Henriksson,11
Hermes,11
Herpertti,11
Hilari,11
Hilpas,11
Husam,11
Idor,11
Ikechukwu,11
Ikenna,11
Ingmarsson,11
Ioan,11
Ioannis,11
Irwin,11
Jaafar,11
Jabar,11
Janek,11
Jan-Håkan,11
Jan-Ola,11
Jan-Olav,11
János,11
Johanni,11
Julle,11
Jura,11
Kaamos,11
Kaarlonpoika,11
Kader,11
Kajnpoika,11
Karrinpoika,11
Kimani,11
Kosma,11
Kostian,11
Kristof,11
Krzysztof,11
Kuuno,11
Kössi,11
Leanteri,11
Lenna,11
León,11
Li,11
Loke,11
Luqman,11
Magne,11
Mahamuud,11
Maininki,11
Marcello,11
Marian,11
Marinus,11
Markkus,11
Marshall,11
Martino,11
Maunonpoika,11
Mihkel,11
Milos,11
Min,11
Moalim,11
Mowlid,11
Murat,11
Nahuel,11
Najim,11
Nasir,11
Nghia,11
Nii,11
Nilla,11
Noam,11
Nuri,11
Optatus,11
Paris,11
Rainier,11
Ramazan,11
Randall,11
Reetu,11
Roihu,11
Roomeo,11
Roopenpoika,11
Ruurikki,11
Sameer,11
Sándor,11
Sebastián,11
Semmi,11
Serge,11
Shah,11
Shawn,11
Sikstus,11
Spencer,11
Sten-Olof,11
Stewart,11
Storm,11
Sun,11
Svantte,11
Tareq,11
Tarik,11
Taro,11
Timmy,11
Toivonpoika,11
Tomás,11
Topinpoika,11
Totte,11
Travis,11
Trong,11
Tuong,11
Uskali,11
Vaalimo,11
Wahab,11
Veli-Veikko,11
Vento,11
Wilfred,11
Williams,11
Vladislav,11
Yahye,11
Yu,11
Yunus,11
Zion,11
Aato,10
Abdiwahab,10
Achilles,10
Adekunle,10
Adewale,10
Aimonpoika,10
Akunpoika,10
Aldur,10
Alin,10
Amiel,10
Amjad,10
Andaras,10
Andreevich,10
Anshelmi,10
Antonios,10
Antrea,10
Are,10
Arie,10
Arild,10
Aro,10
Arun,10
Assari,10
Asterix,10
Ata,10
Atef,10
Atilla,10
Auguste,10
Austin,10
Ayad,10
Bashiir,10
Basil,10
Benyamin,10
Bo-Anders,10
Bo-Johan,10
Bosson,10
Burak,10
Börjesson,10
Caesar,10
Carl-Fredrik,10
Carl-Wilhelm,10
Cassius,10
Chen,10
Chi,10
Chukwuemeka,10
Danial,10
Dariush,10
Dawit,10
Deng,10
Dimitrov,10
Din,10
Dominick,10
Edwart,10
Eera,10
Eewert,10
Eilert,10
Ellis,10
Elyas,10
Ener,10
Enver,10
Erkki-Mikael,10
Eros,10
Etienne,10
Eugenio,10
Evind,10
Georgiev,10
Georgij,10
Gérard,10
Geronimo,10
Gillis,10
Gregori,10
Gunnarson,10
Haitham,10
Hakan,10
Halim,10
Hanne,10
Hans-Olof,10
Harris,10
Helke,10
Henrick,10
Hiep,10
Hirsi,10
Humberto,10
Ilmarinpoika,10
Indigo,10
Ireneus,10
Jakub,10
Jared,10
Jaron,10
Jaroslav,10
Jekku,10
Jens-Erik,10
Jessenpoika,10
Joackim,10
Joël,10
Johanneksenpoika,10
Johny,10
Jona,10
Jorinpoika,10
Josias,10
Jörg,10
Kale,10
Kallio,10
Kamel,10
Kang,10
Karl-Emil,10
Karl-Magnus,10
Khaleel,10
Klas-Göran,10
Kontio,10
Kultimo,10
Kåre,10
Lancelot,10
Larry,10
Lino,10
Lo,10
Lotfi,10
Lucius,10
Ludvik,10
Majeed,10
Malek,10
Malte,10
Marwan,10
Mathieu,10
Matti-Pekka,10
Matts-Erik,10
Matvei,10
Mauro,10
Maximiliam,10
Maximo,10
Mihai,10
Mikkeli,10
Milad,10
Miran,10
Murad,10
Mustafe,10
Najib,10
Narayan,10
Nasim,10
Nasser,10
Nesta,10
Nhan,10
Nhut,10
Nick,10
Nikki,10
Nils-Göran,10
Nima,10
Noak,10
Nour,10
Nuka,10
Obinna,10
Olad,10
Oo,10
Oski,10
Otakar,10
Panagiotis,10
Patrikki,10
Pehr-Erik,10
Peitsa,10
Per-Anders,10
Quy,10
Rafi,10
Ragnarsson,10
Randolf,10
Remi,10
Remus,10
Riad,10
Ricky,10
Roberth,10
Roderick,10
Rohan,10
Romano,10
Ronan,10
Rui,10
Rupert,10
Ruska,10
Ruu,10
Ruupertti,10
Samponpoika,10
Seif,10
Serkan,10
Shaker,10
Siad,10
Sigge,10
Siimoni,10
Siivertti,10
Soliman,10
Stanislav,10
Stefansson,10
Sumu,10
Sven-Åke,10
Tami,10
Tankred,10
Tao,10
Terje,10
Teutori,10
Thomasson,10
Thong,10
Timofei,10
Todd,10
Torkel,10
Torstenson,10
Ugochukwu,10
Ukkopekka,10
Ullah,10
Urbanus,10
Waleed,10
Veino,10
Veli-Tapani,10
Vernon,10
Wiljo,10
Willehart,10
Wincent,10
Vinsentti,10
Wolf,10
Väiski,10
Zoltán,10
Aarnio,9
Abdelkarim,9
Abdirazak,9
Abdishakur,9
Abdulrazzaq,9
Abid,9
Abu,9
Adem,9
Adriaan,9
Adrien,9
Akatius,9
Alawi,9
Albus,9
Aldo,9
Aleksandros,9
Alekseij,9
Alho,9
Amadeo,9
Amatus,9
Anderson,9
Andree,9
Andrey,9
Anis,9
Anselmus,9
Anskarius,9
Ares,9
Arkadi,9
Arndt,9
Arpia,9
Arssi,9
Artem,9
Artto,9
Arviidi,9
Asa,9
Auer,9
Augustine,9
Aung,9
Avraham,9
Ayomide,9
Bashar,9
Bassam,9
Bengt-Johan,9
Bernd,9
Bill,9
Björn-Erik,9
Blake,9
Bobby,9
Bogislaus,9
Boleslaw,9
Camillo,9
Carl-Olof,9
Carmelo,9
Cem,9
Christiano,9
Constantine,9
Cyril,9
Davide,9
Didier,9
Dong,9
Earl,9
Eber,9
Edison,9
Eeki,9
Eeles,9
Eetunpoika,9
Eetvart,9
Ege,9
Elessar,9
Elie,9
Emel,9
Ere,9
Erikinpoika,9
Erkan,9
Erkki-Juhani,9
Erol,9
Faris,9
Filipp,9
Franciscus,9
Gael,9
Gerrit,9
Gharib,9
Giulio,9
Halil,9
Hans-Göran,9
Hartvig,9
Hashem,9
Hassen,9
Hersi,9
Hua,9
Husein,9
Iise,9
Iiwari,9
Iko,9
Ilia,9
Ingram,9
Istvan,9
Jan-Emil,9
Jan-Eric,9
Jan-Robert,9
Janus,9
Janusz,9
Jaroel,9
Jesaja,9
Jirko,9
Joaquin,9
Jobi,9
Joonanpoika,9
Jouna,9
Jozef,9
Jukka-Petteri,9
Jyväs,9
Jöran,9
Kaarne,9
Kaiho,9
Kaimo,9
Kassius,9
Kerem,9
Kieran,9
King,9
Klas-Erik,9
Knuut,9
Kristen,9
Lajos,9
Lars-Gunnar,9
Lars-Henrik,9
Latif,9
Levent,9
Linh,9
Manh,9
Marcelino,9
Mart,9
Martinsson,9
Marttin,9
Matt,9
Matti-Mikael,9
Maxmilian,9
Meir,9
Michaël,9
Micke,9
Miitrei,9
Mikaël,9
Mikel,9
Mikhail,9
Mirza,9
Misha,9
Mitri,9
Moalin,9
Mohan,9
Mohsin,9
Mokhtar,9
Mounir,9
Nader,9
Namir,9
Naser,9
Nicky,9
Nils-Eric,9
Nils-Olof,9
Nilsson,9
Odd,9
Onervo,9
Oskarinpoika,9
Othman,9
Piera,9
Prakash,9
Quoc,9
R,9
Rafik,9
Rautia,9
Reda,9
Rein,9
Rey,9
Rickhart,9
Riiko,9
Riley,9
Robertsson,9
Robi,9
Ronni,9
Ruupert,9
S,9
Saber,9
Sacha,9
Sadiq,9
Salamo,9
Salo,9
Sameh,9
San,9
Sattar,9
Sebastiano,9
Semi,9
Set,9
Shahin,9
Shakir,9
Shwan,9
Simuna,9
Sixtus,9
Stensson,9
Sturle,9
Surya,9
Talvi,9
Tamer,9
Teljo,9
Tian,9
Tiera,9
Toma,9
Tommaso,9
Uchenna,9
Umut,9
Usman,9
Utu,9
Valentine,9
Vasilis,9
Weikka,9
Weli,9
Veli-Martti,9
Vennu,9
Vicktor,9
Vilhart,9
Villem,9
Ville-Matias,9
Villjam,9
Willjam,9
Wisam,9
Wladimir,9
Yan,9
Yann,9
Zaher,9
Zuhair,9
Öjvind,9
Ömer,9
Örnulf,9
Aabrami,8
Aamunvalo,8
Aappi,8
Abdimalik,8
Abdulaziz,8
Abdulhussain,8
Adriel,8
Akif,8
Alban,8
Albrecht,8
Alje,8
Alla,8
Allu,8
Alpha,8
Andrzej,8
Anthoni,8
Anti,8
Arin,8
Arnulf,8
Arvin,8
Asghar,8
Ashton,8
Aslam,8
Atri,8
Auri,8
Aurora,8
Axeli,8
Ayodele,8
Badal,8
Bakar,8
Baris,8
Benedictus,8
Benno,8
Berthold,8
Bile,8
Blue,8
Brett,8
Carl-Oskar,8
Casperi,8
Chung,8
Cooper,8
Dakhil,8
Demian,8
Dexter,8
Do,8
Eben,8
Eddin,8
Edi,8
Egert,8
Eghosa,8
Eino-Juhani,8
Eino-Pekka,8
Emanuele,8
Émil,8
Émile,8
Emilian,8
Enes,8
Esa-Matti,8
Everi,8
Fabio,8
Fadil,8
Faraj,8
Farouk,8
Fattah,8
Feudor,8
Floyd,8
Franck,8
Fredrikki,8
Gamal,8
Gerardus,8
Ghalib,8
Ghassan,8
Guillaume,8
Gustaf-Adolf,8
Hamilkar,8
Hanad,8
Hannibal,8
Hans-Peter,8
Hansson,8
Hany,8
Haraldsson,8
Harding,8
Herkules,8
Hille,8
Hilpi,8
Hin,8
Hiskia,8
Hjalte,8
Hristov,8
Huan,8
Ibrahima,8
Iisko,8
Ikaros,8
Imran,8
Ingo,8
Ingvard,8
Irving,8
Iska,8
Isman,8
Jaafet,8
Jaarli,8
Jacek,8
Jasem,8
Jegor,8
Jehki,8
Jensen,8
Jibril,8
Jin,8
Joan,8
João,8
Jochum,8
Johanas,8
Johansson,8
Jomi,8
Joosu,8
Josiah,8
Jude,8
Junno,8
Kaapre,8
Kaipia,8
Karl-Alfred,8
Karl-Kristian,8
Karl-Åke,8
Kashmir,8
Kerim,8
Khai,8
Kibet,8
Kimsson,8
Kiran,8
Kornelius,8
Kristeri,8
Kristianinpoika,8
Kwasi,8
Laine,8
Lamine,8
Leone,8
Lester,8
Liibaan,8
Loc,8
Logan,8
Lou,8
Loui,8
Louie,8
Lucian,8
Ludovic,8
Luja,8
Lumi,8
Mac,8
Magdi,8
Mamdouh,8
Marcin,8
Marios,8
Marko-Tapio,8
Mateusz,8
Mats-Johan,8
Maunus,8
Mauritsi,8
Maverick,8
Metsänpoika,8
Miso,8
Moustafa,8
Muhudin,8
Mustapha,8
Nadir,8
Natan,8
Njuguna,8
Noé,8
Nor,8
Nousia,8
Nuno,8
Olalekan,8
Olanrewaju,8
Olli-Matti,8
Onnipekka,8
Orhan,8
Osama,8
Otto-Pekka,8
Otto-Ville,8
Ovllá,8
Pawel,8
Petar,8
Peterson,8
Pether,8
Petr,8
Putte,8
Qader,8
Qasem,8
Raheem,8
Randolph,8
Rauf,8
Reimanpoika,8
Reimo,8
Repo,8
Rocky,8
Rodi,8
Rowan,8
Ruurik,8
Sabit,8
Sadek,8
Sadeq,8
Sadredin,8
Saiful,8
Sakarja,8
Sakkeus,8
Sámmol,8
Samuelinpoika,8
Sante,8
Sefanja,8
Selmi,8
Shahid,8
Sharma,8
Sheba,8
Sky,8
Somchai,8
Stellan,8
Sven-Ole,8
Süleyman,8
Tahir,8
Tarkan,8
Terhonpoika,8
Terry,8
Tesfaye,8
Teudor,8
Thorleif,8
Tico,8
Tin,8
Toive,8
Toivio,8
Tord,8
Ul,8
Ulric,8
Uule,8
Wallace,8
Walton,8
Vasilij,8
Veli-Antero,8
Veli-Heikki,8
Veli-Petri,8
Widar,8
Vilius,8
Viljonpoika,8
Willehad,8
Villhard,8
Willi,8
Vilpuri,8
Win,8
Wing,8
Vinha,8
Vlad,8
Wladyslaw,8
Wojciech,8
Xander,8
Xuan,8
Ykä,8
Yoda,8
Yohannes,8
Yousuf,8
Yuusuf,8
Zackarias,8
Zaya,8
Aadi,7
Aanon,7
Abdelaziz,7
Abdihamid,7
Abdikafi,7
Abdiwahaab,7
Abdukadir,7
Abdulaahi,7
Abdulazeez,7
Adjei,7
Adonis,7
Agapetus,7
Ager,7
Ahad,7
Ahdinpoika,7
Ahtinpoika,7
Aihe,7
Aiman,7
Aimé,7
Akim,7
Akwasi,7
Aldin,7
Aleksandar,7
Aleksandrovich,7
Alf-Erik,7
Alias,7
Allah,7
Alper,7
Alwin,7
Amadou,7
Amani,7
Anand,7
Ándaras,7
Andrejevitch,7
Ario,7
Aristoteles,7
Arkko,7
Áron,7
Artin,7
Arvonpoika,7
Atem,7
Athanasios,7
Auku,7
Ayrton,7
Bachir,7
Bailey,7
Bakir,7
Bakr,7
Balthasar,7
Battista,7
Béla,7
Belal,7
Bennett,7
Brahim,7
Carl-Göran,7
Carsten,7
Catalin,7
Chau,7
Chijioke,7
Chukwudi,7
Clemens,7
Columbus,7
Cosimo,7
Cyrus,7
Daahir,7
Daaniel,7
Danh,7
Davis,7
Dawood,7
Declan,7
Deniel,7
Dev,7
Dimidri,7
Dimitris,7
Dirk,7
Dmitrievich,7
Domingo,7
Ebenezer,7
Edil,7
Eedvart,7
Eeri,7
Eetu-Oskari,7
Eigil,7
Einer,7
Einojuhani,7
Eiric,7
Eivind,7
Eligius,7
Elija,7
Elim,7
Elwood,7
Enar,7
Erdem,7
Ernonpoika,7
Esbjörn,7
Evangelos,7
Fareed,7
Fatih,7
Feetu,7
Feisal,7
Finlay,7
Finley,7
Florio,7
Freddie,7
Frey,7
Freyvid,7
Furkan,7
Gabor,7
Gabriele,7
Gavin,7
Grels,7
Gunter,7
Gustav-Adolf,7
Hameed,7
Hanna,7
Haroun,7
Harrysson,7
Heandarat,7
Hedi,7
Hemi,7
Hernan,7
Hessu,7
Hilmeri,7
Huseen,7
Hussen,7
Idriss,7
Ifeanyi,7
Immeri,7
Indiana,7
Ingbert,7
Iro,7
Isa,7
Isaskar,7
Jad,7
Jan-Sebastian,7
Jarlsson,7
Jaroslaw,7
Jassim,7
Jaxon,7
Jayson,7
Jefferson,7
Jerkko,7
Jerri,7
Jesús,7
Jian,7
Johan-Erik,7
Jonathon,7
Joniel,7
Jore,7
Jotaarkka,7
József,7
Juhapekka,7
Juho-Matias,7
Jung,7
Jurva,7
Jussi-Petteri,7
Kaarel,7
Kaipio,7
Kajo,7
Kariuki,7
Keke,7
Kettil,7
Khamis,7
Khoi,7
Kingston,7
Koda,7
Kris,7
Kwadwo,7
Kwan,7
Lal,7
Lauri-Pekka,7
Leevinpoika,7
Léo,7
Levente,7
Lex,7
Liang,7
Loi,7
Maarten,7
Mackenzie,7
Majed,7
Malakia,7
Manni,7
Mansour,7
Marcusson,7
Margus,7
Márton,7
Masao,7
Matti-Petteri,7
Mattus,7
Maximiliano,7
Md,7
Mekonnen,7
Melwin,7
Micah,7
Michail,7
Mihkal,7
Miliam,7
Miroslaw,7
Mischa,7
Morgen,7
Mpho,7
Muayad,7
Mårtensson,7
Nabi,7
Naim,7
Naji,7
Nazar,7
Neville,7
Nikeforus,7
Nilo,7
Nils-Gustav,7
Nimrod,7
Nio,7
Nolan,7
Nova,7
Ocean,7
Octavio,7
Oki,7
Olatunde,7
Ollipekka,7
Omid,7
Omondi,7
Onni-Eemeli,7
Onni-Matias,7
Orjo,7
Orma,7
Otsonpoika,7
Outi,7
Owusu,7
Pavlovich,7
Perry,7
Péter,7
Petrikki,7
Phoenix,7
Phung,7
Pohto,7
Pyrynpoika,7
Pyry-Pekka,7
Qays,7
Rachid,7
Rae,7
Raed,7
Rage,7
Rainenpoika,7
Ramón,7
Rashed,7
Raúl,7
Remo,7
Renato,7
Retu,7
Riki,7
Riza,7
Roo,7
Rubert,7
Rudy,7
Sabir,7
Sadi,7
Saif,7
Saladin,7
Saleem,7
Samer,7
Samiel,7
Sanfred,7
Sanjay,7
Saveli,7
Shane,7
Sheng,7
Shirwa,7
Siimeon,7
Siinto,7
Sina,7
Sinclair,7
Siyabonga,7
Sofiane,7
Sonny,7
Stavros,7
Stigsson,7
Subhi,7
Sven-Mikael,7
Taieb,7
Takashi,7
Teoman,7
The,7
Théo,7
Thierry,7
Thuong,7
Toby,7
Toralf,7
Tran,7
Tuli,7
Tyrsky,7
Tyson,7
Uki,7
Ulf-Peter,7
Wagner,7
Walle,7
Veijari,7
Veikka-Valtteri,7
Veli-Jukka,7
Veli-Jussi,7
Veli-Matias,7
Wen,7
Wenzel,7
Vesa-Petteri,7
Vi,7
Viikari,7
Viilus,7
Vilhem,7
Vili-Verneri,7
Viljari,7
Ville-Eemeli,7
Ville-Kalle,7
Ville-Verneri,7
Vilmari,7
Vindician,7
Vinsent,7
Vladimirovich,7
Woitto,7
Yaser,7
Yassine,7
Yi,7
Yigit,7
Yosef,7
Youcef,7
Zacarias,7
Zia,7
Zoltan,7
Aali,6
Aapel,6
Aarnonpoika,6
Abayomi,6
Abdelhamid,6
Abdellah,6
Abdelmajid,6
Abdihakin,6
Abdiladif,6
Abdirizaq,6
Abdisalan,6
Abdiwahid,6
Abdou,6
Abdullaahi,6
Abdul-Latif,6
Abdulwahab,6
Abubakar,6
Achille,6
Adeola,6
Adrián,6
Adriano,6
Agaton,6
Agnar,6
Agner,6
Ahmed-Nur,6
Akio,6
Akmeeli,6
Aku-Petteri,6
Alaa,6
Aladar,6
Alas,6
Albertto,6
Albertus,6
Alexandrovich,6
Alfa,6
Alkarim,6
Alku,6
Allanti,6
Alponpoika,6
Altis,6
Amanuel,6
Ameen,6
Anastasios,6
Anatol,6
Andersen,6
Andrée,6
Angervo,6
Anreas,6
Ansel,6
Ansgar,6
Anterias,6
António,6
Antonis,6
Antti-Matti,6
Antti-Oskari,6
Antti-Petteri,6
Aqeel,6
Araz,6
Arcene,6
Arel,6
Aristarkus,6
Arkadius,6
Armi,6
Arpad,6
Arve,6
Asaad,6
Asante,6
Asbjörn,6
Ashley,6
Ásllat,6
Athos,6
Ati,6
Aurel,6
Aydin,6
Ayodeji,6
Balder,6
Barre,6
Barry,6
Bartolomeus,6
Basita,6
Bassem,6
Batu,6
Bayram,6
Beat,6
Bechir,6
Bedirhan,6
Bennet,6
Berat,6
Berndtsson,6
Bertrand,6
Blessing,6
Boes,6
Bogdan,6
Brooklyn,6
Buster,6
C,6
Cajus,6
Carl-August,6
Carl-Emil,6
Carl-Michael,6
Cemal,6
César,6
Cesare,6
Charbel,6
Chege,6
Chibueze,6
Chidera,6
Chidiebere,6
Chinh,6
Chisom,6
Christen,6
Christersson,6
Christoff,6
Clayton,6
Clinton,6
Collin,6
Conan,6
Crispin,6
Curtis,6
Dalton,6
Dan-Henrik,6
Danil,6
Daoud,6
Darren,6
Deep,6
Devin,6
Diar,6
Dilan,6
Dima,6
Doh,6
Duane,6
Ebrima,6
Edgardo,6
Eedi,6
Eelian,6
Eeric,6
Efosa,6
Egidius,6
Egnar,6
Ehsan,6
Einarsson,6
Eisa,6
Eitel,6
Ekow,6
Ekrem,6
Eliezer,6
Eljakim,6
Ennio,6
Erko,6
Erne,6
Errol,6
Esa-Petteri,6
Espen,6
Essam,6
Eti,6
Eugéne,6
Ewan,6
Even,6
F.,6
Fadi,6
Fahim,6
Fakher,6
Feelis,6
Ferdinant,6
Ferhat,6
Frantisek,6
Frits,6
Gareth,6
Gennadi,6
Gerd,6
German,6
Giacomo,6
Gino,6
Giuliano,6
Gorgees,6
Gristian,6
Gunbert,6
Gustave,6
Haim,6
Halvar,6
Hamdy,6
Hamish,6
Harun,6
Heineri,6
Helling,6
Hermanninpoika,6
Hillervo,6
Hilmi,6
Him,6
Hiroshi,6
Huvi,6
Ihanto,6
Ihsan,6
Iikanpoika,6
Iikko,6
Iisku,6
Ilyes,6
Imad,6
Ingevald,6
Irenius,6
Irfan,6
Isma,6
Ismaan,6
Istervo,6
Jael,6
Jafar,6
Jahn,6
Jamin,6
Jan-Evert,6
Jan-Gunnar,6
Jani-Juhani,6
Jani-Petteri,6
Jan-Magnus,6
Jan-Markus,6
Jansson,6
Jeff,6
Jeffery,6
Jeremie,6
Jerico,6
Jethro,6
Jii,6
Joakkim,6
Johani,6
Joni-Petteri,6
Joppe,6
Josh,6
Josi,6
Joukamo,6
Juhanna,6
Juha-Petri,6
Juha-Tapani,6
Juhopekka,6
Juno,6
Juuhan,6
Kain,6
Kaj-Gunnar,6
Kaj-Kristian,6
Kalle-Kustaa,6
Kamu,6
Karam,6
Karan,6
Kari-Juhani,6
Karl-Anton,6
Karl-Håkan,6
Karlos,6
Kassu,6
Kawa,6
Kavin,6
Kayode,6
Keanu,6
Kerry,6
Keung,6
Kha,6
Khalifa,6
Kipkoech,6
Kjell-Åke,6
Klemet,6
Kurtsson,6
La,6
Lars-Mikael,6
Lars-Ove,6
Lassi-Pekka,6
Lauri-Juhani,6
Leandro,6
Leif-Johan,6
Leif-Åke,6
Leigh,6
Lennartti,6
Leonart,6
Liekki,6
Lille-Bror,6
Liu,6
Luay,6
Lucky,6
Lumo,6
Luther,6
Luuka,6
Ly,6
Mabrouk,6
Mahir,6
Máhtte,6
Majok,6
Malachi,6
Malkus,6
Manfrid,6
Manolito,6
Marinpoika,6
Marko-Juhani,6
Martialis,6
Marttiin,6
Masaki,6
Mason,6
Masood,6
Maurizio,6
Maximilien,6
Maximilliam,6
Meo,6
Mertzi,6
Metin,6
Mica,6
Miikkanpoika,6
Miikkula,6
Mikkal,6
Mikolas,6
Mikuel,6
Miron,6
Modou,6
Mohd,6
Moises,6
Moose,6
Morits,6
Morrison,6
Moshe,6
Mousa,6
Muhamad,6
Muhsin,6
Mwangi,6
Nael,6
Natthaphong,6
Nazir,6
Newton,6
Nicolaas,6
Nigel,6
Nikko,6
Nils-Gustaf,6
Noeli,6
Nouh,6
Oberon,6
Okan,6
Olamide,6
Olawale,6
Ollie,6
Omed,6
Onni-Olavi,6
Onni-Petteri,6
Orson,6
Osamah,6
Oso,6
Osvaldo,6
Pallas,6
Panteleimon,6
Patrikinpoika,6
Pavlos,6
Pena,6
Penna,6
Per-Ola,6
Per-Ove,6
Petri-Juhani,6
Ping,6
Pirkanpoika,6
Platon,6
Polus,6
Prosper,6
Qassim,6
Raimund,6
Ralf-Erik,6
Rambo,6
Ramin,6
Reginald,6
Rehan,6
Rei,6
Remy,6
Renaldo,6
Rhys,6
Ridha,6
Riggert,6
Rikardo,6
Rocco,6
Rodion,6
Romain,6
Romi,6
Ruubert,6
Ryszard,6
Sacharias,6
Saddam,6
Safaa,6
Samae,6
Saman,6
Samy,6
Santunpoika,6
Sardar,6
Seamus,6
Seán,6
Sebastião,6
Sergeevich,6
Sergej,6
Shabo,6
Shan,6
Shariif,6
Sherzad,6
Shing,6
Siilas,6
Simana,6
Simson,6
Sirwan,6
Sokrates,6
Sol,6
Sorjo,6
Sufi,6
Sulaiman,6
Suonio,6
Sävel,6
Tadesse,6
Tafari,6
Talaat,6
Talha,6
Tamás,6
Tanelinpoika,6
Tarkko,6
Tenhonpoika,6
Terjo,6
Theodorus,6
Theudor,6
Thorsten,6
Thuan,6
Tiberius,6
Timon,6
Ting,6
Tobia,6
Todorov,6
Toivi,6
Tommo,6
Tong,6
Toreson,6
Tuuri,6
Ukonpoika,6
Umar,6
Untonpoika,6
Wael,6
Valerio,6
Veli-Viljami,6
Venjamin,6
Wentzel,6
Vianor,6
Victorio,6
Vikki,6
Wilfrid,6
Vilgot,6
Wilhelmus,6
Ville-Juhani,6
Ville-Markus,6
Wilperi,6
Wilton,6
Vinjami,6
Vuolevi,6
Wyatt,6
Yannick,6
Yehuda,6
Yin,6
Yki,6
Younis,6
Zahir,6
Zeki,6
Zeus,6
Zheng,6
Ziad,6
Ziyad,6
Aadel,5
Aallos,5
Aapa,5
Abas,5
Abdelfattah,5
Abdellatif,5
Abdifitaah,5
Abdiqaadir,5
Abdu,5
Abdulhamid,5
Abdul-Hussain,5
Abdurrahman,5
Ade,5
Adebayo,5
Ademola,5
Adrianus,5
Afonso,5
Agane,5
Age,5
Ahmedey,5
Ahsan,5
Ako,5
Aku-Pekka,5
Alasdair,5
Albertino,5
Albiin,5
Alcides,5
Aleksandrovits,5
Alen,5
Alexinpoika,5
Alfret,5
Alinpoika,5
Alwari,5
Amado,5
Amr,5
Ana,5
Andor,5
Andrian,5
Angelov,5
Anini,5
Anjan,5
Anon,5
Antimus,5
Ants,5
Antti-Olavi,5
Anttony,5
Anttooni,5
Anund,5
Arafat,5
Araya,5
Arcturus,5
Ardi,5
Aref,5
Arend,5
Ari-Petteri,5
Aris,5
Arjen,5
Arjun,5
Arlo,5
Arneson,5
Arnevald,5
Asare,5
Asbjørn,5
Asher,5
Ashok,5
Asim,5
Aslakka,5
Asmund,5
Assad,5
Asseevi,5
Astley,5
Asto,5
Astro,5
Atanas,5
Aureliano,5
Avi,5
Avram,5
Ayanle,5
Ayo,5
Azeez,5
Azim,5
B.,5
Ba,5
Babatunde,5
Baboucarr,5
Badara,5
Bahaa,5
Baltazar,5
Bamidele,5
Barnabas,5
Batuhan,5
Bengtson,5
Benoit,5
Berner,5
Bior,5
Björn-Olof,5
Bo-Håkan,5
Bora,5
Brayden,5
Bright,5
Bronislaw,5
Brown,5
Bure,5
Buule,5
Börge,5
Cai,5
Carl-Christian,5
Carl-Vilhelm,5
Carl-William,5
Carter,5
Castiel,5
Cevin,5
Chan,5
Chang,5
Chatchai,5
Cherif,5
Chester,5
Chigozie,5
Christo,5
Christos,5
Chukwuebuka,5
Ciro,5
Clarens,5
Clemente,5
Cole,5
Conor,5
Crispian,5
D,5
Dagiro,5
Damiano,5
Danel,5
Daniël,5
Dan-Olof,5
Dara,5
Darian,5
Dayeb,5
Demetrius,5
Derick,5
Desta,5
Devrim,5
Diesel,5
Dindar,5
Dmitrij,5
Dogan,5
Dominikus,5
Donato,5
Duru,5
Ediz,5
Edsel,5
Edvald,5
Edvar,5
Eelon,5
Eelu,5
Eerikinpoika,5
Eeropekka,5
Eetvi,5
Ehab,5
Eimert,5
Eino-Olavi,5
Eka,5
Elden,5
Eleazar,5
Elías,5
Elio,5
Elion,5
Eliseo,5
Elving,5
Emad,5
Emerick,5
Emerson,5
Emilia,5
Emmett,5
Emrah,5
Endel,5
Eneas,5
Eniola,5
Ennu,5
Erkanpoika,5
Erkki-Olavi,5
Erni,5
Ertan,5
Esaijas,5
Esam,5
Esmail,5
Esosa,5
Esper,5
Esra,5
Essa,5
Esse,5
Esu,5
Faarah,5
Falah,5
Faleh,5
Fawzi,5
Felice,5
Fenris,5
Fernand,5
Ferry,5
Fitzgerald,5
Fjodor,5
Flemming,5
Fozi,5
Frans-Eemil,5
Frans-Erik,5
Fredrich,5
Fredriksson,5
Fridiof,5
Fridjof,5
Gábor,5
Gaetano,5
Geir,5
Gerardo,5
Géza,5
Ghaleb,5
Ghazi,5
Gheorghe,5
Gianni,5
Gonzalo,5
Grekorius,5
Guled,5
Guo,5
Gustafsson,5
Guy-Erik,5
Güney,5
H,5
Haile,5
Hakki,5
Halvard,5
Hang,5
Hanif,5
Hanneksenpoika,5
Hans-Christian,5
Hanski,5
Haq,5
Haris,5
Harrynpoika,5
Hartmut,5
Hassoon,5
Hau,5
Heikka,5
Heikki-Pekka,5
Heimonpoika,5
Hellmuth,5
Hendrix,5
Henrix,5
Henterikki,5
Hentrik,5
Hercules,5
Herold,5
Hesham,5
Hing,5
Hirsch,5
Holgerson,5
Hope,5
Hoque,5
Horatio,5
Htet,5
Hui,5
Huima,5
Husamaldin,5
Hussien,5
Ibnu,5
Idir,5
Ignati,5
Igorevich,5
II,5
Iidor,5
Iker,5
Ilan,5
Ilian,5
Ilya,5
Iman,5
Ingjald,5
Ingvarsson,5
Inmar,5
Ion,5
Ionut,5
Ishak,5
Ismet,5
Ivalo,5
Jaakop,5
Jaanos,5
Jaanus,5
Jahangir,5
Jahvet,5
Jakim,5
Jalava,5
Jalil,5
Jalle,5
Jameel,5
Jan-Henry,5
Janne-Pekka,5
Jannu,5
Jan-Oscar,5
Jari-Juhani,5
Jari-Petteri,5
Jaspar,5
Jasser,5
Javad,5
Jean-Christian,5
Jean-Paul,5
Jedidja,5
Jericho,5
Jérôme,5
Jhon,5
Jhonny,5
Jia,5
Jimmie,5
Jit,5
Jo,5
Joakimsson,5
Job,5
Johanna,5
Jommi,5
Jonnie,5
Jonte,5
Joosep,5
Jopi,5
Joris,5
Josep,5
Jovnna,5
Joy,5
Juhael,5
Juha-Erkki,5
Juhán,5
Juhannus,5
Juha-Olavi,5
Jumale,5
Justice,5
Jyri-Petteri,5
Ka,5
Kaabriel,5
Kaarl,5
Kadim,5
Kajus,5
Kalevo,5
Kalid,5
Kalle-Pekka,5
Kalle-Petteri,5
Kari-Petteri,5
Karl-August,5
Karl-Oscar,5
Károly,5
Karrar,5
Kataja,5
Kazimierz,5
Kennedy,5
Killian,5
Kiureli,5
Kjell-Ove,5
Klaes,5
Knud,5
Konstantinus,5
Konstu,5
Kostadinov,5
Krishan,5
Krisse,5
Kristan,5
Kristiano,5
Kuttura,5
Lars-Eric,5
Lars-Gustav,5
Lars-Ole,5
Lauritsa,5
Lautaro,5
Lazim,5
Lembit,5
Lemmitty,5
Lemuel,5
Leni,5
Leonartti,5
Leontius,5
Leung,5
Lincoln,5
Lok,5
Luucas,5
Maario,5
Maciej,5
Magdy,5
Mahamoud,5
Mahmod,5
Mahmut,5
Makki,5
Maks,5
Mano,5
Mara,5
Marin,5
Marten,5
Marttiini,5
Martti-Mikael,5
Masoud,5
Master,5
Matin,5
Mattheus,5
Matti-Oskari,5
Matti-Viljami,5
Maxamed,5
Mayow,5
Mazin,5
Mbugua,5
Mburu,5
Md.,5
Mehran,5
Mensah,5
Merkurius,5
Merri,5
Micheal,5
Michell,5
Mihkkal,5
Miikkali,5
Mikalis,5
Mikko-Juhani,5
Mikko-Matias,5
Miklós,5
Mikolaj,5
Miquel,5
Mir,5
Miroel,5
Mohamuud,5
Moh'd,5
Mohiadin,5
Morannal,5
Mordechai,5
Muhammet,5
Muhamud,5
Muhudiin,5
Munir,5
Murtatha,5
Musdaf,5
Nabaz,5
Napat,5
Naphat,5
Nather,5
Ndegwa,5
Negash,5
Nehemiah,5
Nessim,5
Nghi,5
Nicolae,5
Nicolaus,5
Nikander,5
Nike,5
Nikolaev,5
Niko-Pekka,5
Nikos,5
Nils-Henrik,5
Nils-Otto,5
Nils-Peter,5
Nils-Åke,5
Nipa,5
Niran,5
Obadias,5
Odhiambo,5
Oku,5
Olli-Veikko,5
Olliver,5
Olufemi,5
Olusegun,5
Onni-Antero,5
Onni-Ilmari,5
Opeyemi,5
Opri,5
Orko,5
Osborne,5
Osvi,5
Otniel,5
Otro,5
Ousman,5
Ousmane,5
Ozan,5
P,5
Papu,5
Pate,5
Percy,5
Per-Gustav,5
Per-Göran,5
Per-Olav,5
Petenpoika,5
Petruska,5
Poul,5
Pouta,5
Prem,5
Probus,5
Qadir,5
Qalif,5
Quinn,5
Raafat,5
Ragab,5
Raihan,5
Ramos,5
Ramsay,5
Ramzi,5
Randy,5
Rane,5
Ravi,5
Reemus,5
Reine,5
Reiner,5
Ren,5
Renni,5
Repe,5
Ribert,5
Ricard,5
Rick,5
Ringo,5
Ristian,5
Ristomatti,5
Risto-Pekka,5
Ritter,5
Riyadh,5
Roberd,5
Rock,5
Rodrigue,5
Rok,5
Rolf-Erik,5
Rolfson,5
Ronin,5
Roninpoika,5
Rooble,5
Rosario,5
Rostislav,5
Runarsson,5
Rüdiger,5
Saadoon,5
Saarni,5
Saed,5
Safwat,5
Sahal,5
Sahid,5
Sahil,5
Salamon,5
Salar,5
Sami-Petteri,5
Sampanpoika,5
Samunpoika,5
Sarkis,5
Sarmad,5
Sasa,5
Savas,5
Seikko,5
Semir,5
Seven,5
Seyed,5
Shaban,5
Shaheen,5
Shannon,5
Shaun,5
Sheikhahmed,5
Shi,5
Shlomo,5
Shouaib,5
Shurie,5
Sid,5
Signar,5
Siivert,5
Silvester,5
Simo-Samuli,5
Sipho,5
Song,5
Star,5
Stephane,5
Sulayman,5
Sultan,5
Suresh,5
Susi,5
Sutherland,5
Swadi,5
Sydney,5
Sylvain,5
Taavinpoika,5
Tahar,5
Tahlil,5
Tahto,5
Takeshi,5
Tane,5
Tang,5
Tani,5
Tanvir,5
Tarq,5
Tawfiq,5
Teno,5
Teodoro,5
Tewodros,5
Thanaphon,5
Théodore,5
Thiago,5
Tho,5
Þór,5
Thorild,5
Thorwald,5
Thuy,5
Tijani,5
Tor-Alf,5
Toto,5
Toukonpoika,5
Trevor,5
Trieu,5
Tshwarelo,5
Tudor,5
Tuhto,5
Tuomma,5
Tyyko,5
Tähti,5
Tähtivalo,5
Uchechukwu,5
Ukko-Ilmari,5
Urhea,5
Urhonpoika,5
Utujoutsi,5
Uurto,5
Wade,5
Wahid,5
Valdo,5
Vanja,5
Vasilev,5
Vasilios,5
Veija,5
Veikko-Olavi,5
Veka,5
Veli-Antti,5
Veli-Ilmari,5
Veli-Mikko,5
Velimir,5
Veli-Olavi,5
Vellamo,5
Venfrid,5
Viktorovich,5
Wilgot,5
Vilhartti,5
Viljar,5
Villemarkus,5
Wilmeri,5
Vince,5
Wolmari,5
Von,5
Xiang,5
Xiao,5
Y,5
Yaqoob,5
Yavuz,5
Ümit,5
Yngvar,5
Yong,5
Yuki,5
Yun,5
Zacharia,5
Zachariah,5
Zahra,5
Zaman,5
Zhang,5
Zhao,5
Zhou,5
Ziya,5