name;count
Maria;179353
Anneli;116566
Helena;111800
Kaarina;95733
Johanna;92977
Marjatta;84020
Hannele;82587
Kristiina;71048
Tuulikki;57707
Emilia;55813
Annikki;55334
Sofia;48484
Elina;48137
Maarit;47222
Susanna;47100
Liisa;46660
Katariina;43941
Inkeri;39960
Kyllikki;35136
Sinikka;34679
Orvokki;32075
Tellervo;30952
Karoliina;27607
Irmeli;27439
Pauliina;26807
Elisabet;25774
Eveliina;22807
Irene;20221
Leena;19858
Elisabeth;19286
Katriina;19090
Marika;18819
Tuulia;18606
Marjaana;18295
Ilona;18191
Marketta;18038
Marita;17899
Marja;17602
Aurora;17293
Marianne;16987
Matilda;16844
Amanda;16726
Anna;16704
Annika;16267
Anita;15754
Mirjami;15670
Sisko;15383
Linnea;15138
Maaria;14758
Olivia;14295
Aino;14064
Elisa;13632
Riitta;13362
Maija;13335
Aleksandra;12793
Birgitta;12344
Julia;11914
Anniina;11227
Alexandra;11027
Aulikki;10317
Margareta;10256
Hellevi;10059
Kristina;9903
Päivikki;9564
Mari;9274
Helmi;9160
Marjut;8930
Mirjam;8751
Vilhelmiina;8726
Helinä;8409
Kaisa;8398
Maritta;8044
Iida;7456
Josefiina;7432
Ida;7012
Alina;6902
Esteri;6627
Ellen;6602
Margit;6509
Hillevi;6379
Eliisa;6353
Erika;6313
Eeva;5899
Marjukka;5849
Christina;5559
Marie;5437
Annukka;5151
Henriikka;5103
Anni;4949
Onerva;4947
Mikaela;4941
Sylvia;4847
Juulia;4606
Katarina;4528
Terttu;4523
Anne;4521
Alice;4520
Aliisa;4472
Lyydia;4409
Isabella;4373
Talvikki;4341
Katri;4324
Anna-Liisa;4284
Viola;4189
Carita;4167
Ester;4117
Alisa;3999
Amalia;3957
Elise;3908
Susanne;3879
Riikka;3853
Tuula;3812
Jasmin;3797
Heleena;3664
Päivi;3605
Anitta;3557
Satu;3557
Maaret;3551
Eerika;3521
Lotta;3499
Cecilia;3463
Elviira;3388
Laura;3326
Ingeborg;3248
Kerttu;3246
Tuuli;3170
Wilhelmiina;3109
Lilja;3012
Josefina;3005
Charlotta;2988
Elsa;2981
Adele;2968
Hanna;2938
Eliina;2872
Matleena;2852
Martta;2821
Sanelma;2805
Marianna;2802
Anja;2797
Elli;2751
Ella;2736
Sara;2735
Aada;2703
Suvi;2686
Ritva;2653
Helmiina;2606
Camilla;2562
Eila;2519
Iiris;2503
Loviisa;2485
Heidi;2481
Emma;2476
Elena;2463
Linnéa;2455
Anelma;2408
Ulla;2391
Kirsi;2303
Lea;2272
Marja-Liisa;2251
Hilja;2209
Kirsti;2201
Victoria;2152
Sirkka;2138
Unelma;2099
Marja-Leena;2081
Saara;2057
Margaretha;2053
Anette;2052
Hilkka;2024
Annele;2015
Louise;2013
Roosa;1978
Astrid;1955
Lahja;1951
Regina;1923
Raakel;1910
Sini;1889
Eva;1882
Inari;1882
Aune;1876
Minna;1874
Aili;1870
Mirja;1858
Lumi;1856
Annina;1849
Piritta;1847
Aliina;1814
Siiri;1806
Marina;1798
Lydia;1796
Irja;1792
Ulrika;1787
Ingrid;1740
Karin;1734
Krista;1724
Noora;1703
Adalmiina;1702
Sirpa;1701
Pirkko;1692
Paula;1685
Irina;1681
Joanna;1681
Christine;1657
Teresa;1646
Tiina;1621
Ada;1593
Kaija;1579
Reetta;1567
Sari;1567
Birgit;1559
Jessica;1555
Edith;1549
Seija;1548
Heli;1535
Pirjo;1531
Meri;1498
Karita;1493
Hellin;1490
Isabel;1483
Carolina;1478
Anastasia;1477
Eija;1472
Valpuri;1460
Linda;1454
Karolina;1438
Sanna;1435
Jaana;1416
Vappu;1412
Hilma;1408
Mariia;1408
Marleena;1400
Henrietta;1397
Jenny;1390
Alma;1384
Aila;1380
Wilhelmina;1375
Siviä;1370
Minea;1366
Marjo;1365
Rauha;1364
Viktoria;1349
Hilda;1345
Emmi;1342
Tarja;1308
Olga;1303
Sofie;1295
Katja;1284
Inka;1283
Rosa;1280
Patricia;1279
Charlotte;1278
Ingegerd;1277
Terhikki;1275
Daniela;1274
Helvi;1268
Miia;1258
Monica;1256
Jemina;1242
Gunilla;1234
Kanerva;1232
Pia;1231
Rebekka;1231
Helene;1228
Iina;1217
Eleonoora;1216
Janina;1203
Raija;1188
Vuokko;1184
Merja;1180
Aava;1178
Ursula;1169
Mimosa;1165
Jenni;1164
Eleonora;1160
Leila;1152
Erica;1146
Arja;1140
Irma;1136
Maire;1134
Enni;1118
Milla;1117
Fredrika;1112
Mariitta;1111
Justiina;1100
Iris;1097
Maija-Liisa;1097
Amelia;1089
Lilian;1085
Oona;1082
Natalia;1078
Mia;1076
Lempi;1073
Minttu;1066
Veera;1055
Lovisa;1048
Janika;1046
Magdalena;1042
Rakel;1039
Monika;1024
Auroora;1021
Milja;1020
Nina;1015
Vieno;1014
Meeri;1005
Riina;1000
Liina;986
Tyyne;986
Beatrice;985
Selina;984
Henrika;982
Serafiina;981
Jasmiina;978
Elvira;977
Elizabeth;974
Henna;968
Janette;962
Mirella;961
Sanni;956
Vellamo;953
Kirsikka;951
Nea;948
Carina;941
Mohamed;941
Melissa;937
Veronica;935
Fanny;933
Vilhelmina;925
Tiia;921
Aurelia;916
Outi;907
Adeliina;902
Pirita;900
Kaarin;895
Sylvi;894
Teresia;892
Eevi;890
Vanamo;888
Helen;887
Margareetta;885
Silja;883
Elvi;882
Anna-Maria;878
Carola;877
Lumia;869
Peppiina;869
Vanessa;864
Agneta;861
Venla;861
Kerttuli;860
Janita;859
Anu;858
Susan;858
Annette;857
Vivian;856
Harriet;852
Solveig;852
Raili;846
Martina;843
Taimi;839
Petra;837
Maarika;834
Jasmine;826
Lisa;825
Lemmikki;823
Jenna;821
Margareeta;819
Viivi;816
Amelie;814
Säde;805
Saga;804
Saimi;804
Mariella;800
Isla;799
Madeleine;799
Melina;798
Paulina;797
Mathilda;796
Vilma;789
Tytti;786
Evelina;776
Edit;771
Reeta;757
Taina;746
Caroline;743
Lyyli;735
Niina;734
Asta;723
Piia;723
Toini;722
Juliaana;716
Soilikki;716
Virpi;715
Aini;713
Alli;704
Yvonne;703
Kaisu;698
Kastehelmi;696
Airi;694
Sonja;692
Annikka;681
Marlene;680
Dagmar;676
Iines;676
Miranda;676
Tuija;673
Sirkku;660
Inga;652
Serafia;652
Katrina;651
Mira;649
Juliana;644
Michaela;642
Miriam;638
Benita;636
Essi;635
Peppi;635
Rebecca;634
Fanni;632
Armi;630
Elma;630
Kati;628
Elin;627
Laila;616
Hilla;613
Mervi;610
Ahmed;609
Ann-Mari;606
Tanja;606
Minerva;603
Anna-Maija;594
Selma;584
Senja;581
Lucia;578
Taika;575
Synnöve;574
Greta;570
Felicia;568
Mailis;568
Beata;566
Micaela;560
Sophie;560
Aira;557
Valentina;556
Oili;547
Saima;546
Sointu;545
Taru;544
Ann;539
Ireene;538
Inger;537
Soile;533
Kukka-Maaria;530
Silvia;530
Natalie;527
Salme;527
Aura;525
Eriika;525
Angelica;524
Ottilia;524
Kaisla;520
Ellinoora;519
Auli;518
Elmiina;518
Kukka;518
Leea;518
Ava;517
Magdaleena;517
Sophia;515
Therese;513
Augusta;512
Gabriella;512
Terese;511
Josefin;504
Sarita;504
Elle;502
Marian;502
Annastiina;500
Sirkka-Liisa;500
Salla;498
Miina;496
Maiju;492
Eeva-Liisa;491
Terhi;490
Rose;488
Brita;483
Veronika;483
Helli;481
Catharina;480
Vilja;478
Ali;477
Saana;476
Cristina;475
Lilli;474
Sofi;467
Mariel;465
Nicole;465
Iita;461
Sandra;460
Kristine;457
Josefine;456
Hertta;454
Antonia;452
Jade;451
Pihla;447
Julianna;446
Aina;445
Pilvi;441
Stiina;441
Alissa;440
Sabina;440
Aallotar;439
Laina;439
Serafina;439
Mariana;436
Signe;436
Emmiina;435
Hanneli;433
Stina;433
Eira;432
Maila;431
Adelina;429
Mariaana;429
Pinja;429
Ulriikka;429
Margaret;427
Sigrid;427
Emilie;425
Kiia;425
Eine;421
Milena;420
Isabelle;418
Edla;415
Emelie;413
Alise;412
Bettina;412
Diana;411
Helga;410
Erin;407
Abdi;405
Agnes;405
Ingegärd;404
Merita;401
Sohvi;401
Catarina;398
Anne-Mari;396
Tuulevi;396
Heini;395
Nuppu;395
Aleksiina;394
Alicia;394
Else;392
Andrea;391
Elna;391
Jonna;390
Claudia;389
Neea;388
Kustaava;381
Viveka;381
Adelia;379
Janica;377
Marjanne;376
Vera;376
Nella;374
Marikki;373
Nelli;372
Inga-Lill;370
Melinda;370
Michelle;368
Alexsandra;367
Liisi;366
Jasmina;365
Lena;365
Ronja;363
Rosita;363
Angelina;362
Petriina;360
Aamu;359
Jessika;358
Lemmitty;358
Stella;357
Helka;356
Lumikki;356
Elea;355
Ines;354
Mary;354
Varpu;352
Hassan;350
Mea;349
Ainikki;348
Heljä;347
Henriika;347
Mielikki;345
Bertta;344
Tilda;341
Maj;340
Iisa;338
Rosanna;338
Elsi;336
Marja-Terttu;335
Nathalie;334
Aida;333
Hillervo;333
Mila;331
Anne-Marie;330
Mai;330
Jeanette;329
Estelle;328
Lisbeth;325
Eedit;324
Fiona;323
Salli;323
Adéle;321
Angela;320
Ulriika;320
Lilia;319
Armiida;318
Livia;316
Ruusu;314
Susann;314
Desiree;313
Erja;313
Kristin;313
Nora;313
Frida;312
Mariann;311
Rauni;311
Angelika;309
Ann-Marie;309
Eini;309
Illusia;306
Gunvor;304
Luna;304
Ramona;303
Rebecka;303
Hellen;300
Emily;297
Lauriina;297
Maj-Lis;297
Mette;295
Soili;293
Jenniina;291
Mariela;291
Margetta;290
Mona;286
Saaga;286
Hildegard;284
Ira;283
Abdullahi;282
Mimmi;281
Tea;281
Teija;281
Katharina;280
Hanne;278
Ilta;278
Mirva;278
Enna;276
Evelyn;275
Heta;274
Jennifer;274
Kielo;273
Maj-Britt;271
Marissa;271
Valborg;271
Eriikka;270
Tatjana;270
Virve;270
Hedvig;269
Henriette;269
Catherine;268
May;267
Viveca;267
Ellinor;266
Impi;266
Ilmi;265
Rita;264
Annamari;262
Lumina;262
Karelia;261
Aija;259
Anne-Maria;259
Gabriela;259
Marit;259
Ebba;258
Leona;258
Odessa;258
Hely;257
Josephine;257
Petronella;257
Adessa;256
Malviina;255
My;255
Grace;254
Larissa;253
Karina;252
Merituuli;252
Adalmina;251
Aniitta;251
Klaudia;251
Ruth;250
Alviina;248
Jane;248
Theresia;248
Armida;247
Hellikki;247
Kerstin;247
Emelia;244
Tamara;244
Caroliina;243
Isa;243
Theresa;243
Saija;242
Anna-Mari;241
Ilmatar;241
Pauline;241
Anna-Leena;239
Kia;238
Anne-Maj;237
Gunhild;237
Else-Maj;235
Carmen;234
Marietta;234
Mirka;234
Desiré;233
Milana;233
Kreeta;232
Marja-Riitta;232
Maya;231
Barbara;229
Lenita;229
Alva;228
Sarianna;228
Cassandra;226
Inna;226
Margita;226
Valdine;225
Suoma;224
Jannika;223
Severiina;223
Adolfiina;222
Briitta;222
Ida-Maria;222
Juuli;221
Lina;220
Kamilla;219
Minja;219
Salome;219
Berit;218
Mariina;218
Wilma;217
Hulda;216
Tuovi;215
Jelena;214
Pilvikki;214
Alexia;213
Marica;213
Ragnhild;213
Vadelma;211
Katrin;210
Kreetta;210
Sofianna;209
Valma;208
Esther;207
Hellä;207
Ann-Sofi;205
Anastacia;204
Annaliisa;204
Evelin;204
Milka;204
Netta;204
Annabella;203
Sarah;202
Ruut;201
Unna;201
Ina;200
Saila;200
Desirée;199
Senni;199
Adina;198
Ansa;198
Eleanor;198
Eliisabet;197
Isabell;197
Christin;194
Estella;194
Evelia;194
Lisbet;192
Leonora;191
Lila;191
Maisa;191
Marisa;191
Anna-Lisa;190
Annie;190
Ingalill;190
Svea;190
Yasmin;190
Jolanda;189
Pirjetta;189
Sade;189
Alessia;186
Bella;186
Eeva-Maria;186
Ihanelma;186
Mercedes;186
Riia;186
Rosaliina;186
Valeria;186
Mari-Anne;185
Viliina;185
Verna;184
Viena;183
Lillemor;182
Esmeralda;181
Siru;181
Ulla-Maija;181
Fiia;180
Seliina;180
Evita;179
Gunnel;179
Omar;178
Ethel;176
Filippa;176
Matintytär;176
Alessandra;175
Ann-Christine;174
Christel;174
Pernilla;173
Ann-Christin;172
Jutta;172
Hussein;171
Marion;170
Natasha;170
Doris;169
Lily;169
Tarleena;169
Desire;168
Ibrahim;168
Bernice;167
Janna;167
Simone;167
Mahamed;166
Anna-Sofia;165
Iida-Maria;165
Barbro;164
Britt;163
Mohamud;163
Ann-Charlotte;162
Jennika;162
Meri-Tuuli;162
Annemari;161
Antintytär;161
Minnea;161
Nanna;161
Sarianne;161
Annica;160
Eden;160
Mohammed;159
Ulrica;159
Eufemia;158
Usva;158
Gertrud;157
Nelly;157
Ninni;157
Raisa;157
Titta;157
Anitra;155
Janniina;155
Marie-Louise;155
Meea;155
Ariel;154
Christa;153
Minni;153
Moona;152
Lidia;151
Virva;151
Rosalia;150
Annamaria;149
Tatjaana;149
Abdirahman;148
Bea;148
Maija-Leena;148
Markit;148
Albertiina;147
Myy;147
Bettiina;145
Dolores;145
Henni;145
Mariam;145
Tia;145
Judith;144
Seela;144
Selena;144
Thuy;144
Anh;143
Denise;143
Kim;143
Anna-Kaisa;142
Britt-Marie;142
Ellida;142
Juliet;142
Eivor;141
Rose-Marie;141
Kaneli;140
Katinka;140
Suvituuli;139
Joy;138
Linn;138
Taija;138
Elida;137
Karola;137
Kastanja;137
Sabrina;137
Thu;137
Gunborg;136
Ilse;136
Mikontytär;136
Onneli;134
Timontytär;134
Fatima;133
Nadja;133
Adriana;132
Dorothea;132
Juhantytär;132
Margarita;132
Marjo-Riitta;132
Sarlotta;132
Siri;132
Bianca;131
Christiina;131
Helén;130
Mariette;130
Suometar;130
Tuire;130
Yusuf;130
Abdulkadir;129
Ilma;129
Kaino;129
Phuong;129
Sesilia;129
Antoinette;128
Belinda;128
Vilina;128
Virginia;128
Cesilia;127
Marjetta;127
Marttiina;127
Saini;127
Ann-Sofie;126
Elissa;126
Ingela;126
Irinja;126
Juliette;126
Li;126
Åsa;126
Britta;125
Kaur;125
Martha;125
Riitta-Liisa;125
Antonina;124
Katerina;124
Lilly;124
Marinka;124
Rea;124
Francesca;123
Hanna-Maria;123
Iréne;123
Isadora;123
Miisa;123
Ofelia;123
Thanh;123
Nicola;122
Pamela;122
Rosalie;122
Ruusa;122
Therése;122
Annabel;121
Melanie;121
Ngoc;121
Elice;120
Malena;120
Malin;120
Marikka;120
Fransiina;119
Lyydi;119
Reija;119
Selja;119
Aletta;118
Eleanora;118
Ann-Kristin;117
Maarita;117
Stephanie;117
Suvi-Tuulia;117
Eve;115
Naomi;115
Rachel;115
Riika;115
Annu;114
Cornelia;114
Emeliina;114
Kiira;114
Kristel;114
Lyyti;114
Märta;114
Maari;113
Rianna;113
Gunnevi;112
Jadessa;112
Marilla;112
Samira;112
Lee;111
Maja;111
Mei;111
Ulpu;111
Alexa;110
Eelin;110
Emiilia;110
Marija;110
Nur;110
Raakeli;110
Fredriika;109
Pirkitta;109
Inga-Britt;107
Kirsi-Marja;107
Liinu;107
Lisette;107
Osman;107
Ria;107
Aurinko;106
Celina;106
Charlott;106
Eevastiina;106
Julie;106
Katrine;106
Mareena;106
Alvina;105
Mari-Ann;105
Pirkko-Liisa;105
Ann-Louise;104
Clarissa;104
Heikintytär;104
Pipsa;104
Heloisa;103
Raila;103
Saskia;103
Aniita;102
Fredriikka;102
Melisa;102
Elmi;101
Katherine;101
Merike;101
Pepita;101
Vivi;101
Xenia;101
Clara;100
Lumikukka;100
Lynn;100
Siina;100
Evi;99
Marju;99
Meri-Tuulia;99
Rafaela;99
Jemiina;98
Luisa;98
Marlena;98
Ottiilia;98
Selene;98
Carin;97
Dorotea;97
Eva-Maria;97
Suvi-Tuuli;97
Amina;96
Hanna-Leena;96
Jatta;96
Lili;96
Meimi;96
Sabine;96
Albertina;95
Emerentia;95
Mirkka;95
Alida;94
Eufrosyne;94
Katjaana;94
Louisa;94
Marjaleena;94
Ristiina;94
Selinda;94
Hildur;92
Jarintytär;92
Nicolina;92
Peppina;92
Akuliina;91
Linea;91
Linh;91
Moonika;91
Said;91
Siv;91
Jekaterina;90
Marguerite;90
Silva;90
Aino-Maria;89
Amira;89
Emilja;89
Hannuntytär;89
Ilana;89
Minka;89
Serena;89
Amélie;88
Farah;88
Liliana;88
Lillian;88
Manuela;88
Safira;88
Tara;88
Abigail;87
Jean;87
Jukantytär;87
Maia;87
Majlis;87
Marielle;87
Marlen;87
Merika;87
Seelia;87
Vilmiina;87
Adalia;86
Alinda;86
Aline;86
Annelie;86
Danielle;86
Judit;86
Madelene;86
Margot;86
Mariita;86
Mikantytär;86
Rosina;86
Anceliga;85
Hilppa;85
Leeni;85
Lotte;85
Unnukka;85
Vanilla;85
Ainamo;84
Carolin;84
Eugenia;84
Gerda;84
Jasmiini;84
Malla;84
Milaja;84
Paloma;84
Yasmine;84
Annastina;83
Anneka;83
Daniella;83
Elliina;83
Estrid;83
Iitu;83
Karen;83
Laimi;83
Marjanna;83
Rosa-Maria;83
Serafiia;83
Florence;82
Helle;82
Jenina;82
Karintytär;82
Klara;82
Lia;82
Margitta;82
Neela;82
Pirketta;82
Adeline;81
Annuli;81
Elsie;81
Liia;81
Margareth;81
Raita;81
Tekla;81
Tina;81
Aleksia;80
Alfhild;80
Eliise;80
Elli-Noora;80
Lyylikki;80
Maili;80
Mathilde;80
Suzanne;80
Elinor;79
Erna;79
Hjördis;79
Maj-Len;79
Roosa-Maria;79
Saida;79
Trang;79
Tuuliina;79
Vanilja;79
Anna-Kaarina;78
Anne-Maarit;78
Eleanoora;78
Iia;78
Mae;78
Mataleena;78
Agda;77
Irena;77
Irmelin;77
Ismail;77
Kira;77
Klaara;77
Nhi;77
Vivi-Ann;77
Anna-Lena;76
Enne;76
Hannah;76
Thao;76
Toivikki;76
Agatha;75
Eloisa;75
Emili;75
Karoline;75
Margarethe;75
Neelia;75
Adela;74
Betty;74
Etel;74
Gustava;74
Huong;74
Janet;74
Mainikki;74
Mandi;74
Sissi;74
Tinja;74
Tyyni;74
Britt-Mari;73
Carla;73
Cristiina;73
Eliana;73
Gudrun;73
Hong;73
Ritva-Liisa;73
Ulpukka;73
Adolfina;72
Aleksandrovna;72
Angervo;72
Annamaija;72
Celeste;72
Kajsa;72
Louna;72
Maria-Liisa;72
Tessa;72
Arianna;71
Auri;71
Constance;71
Gun;71
Lara;71
Merete;71
Sulevi;71
Aleksantra;70
Angel;70
Eliisi;70
Henrica;70
Mirette;70
Ninja;70
Alisia;69
Beda;69
Claire;69
Jama;69
Kamomilla;69
Karla;69
Anri;68
Celine;68
Denice;68
Frances;68
Jannina;68
Manta;68
Marke;68
Tove;68
Yolanda;68
Aliisi;67
Caterina;67
Engla;67
Justina;67
Marjaliisa;67
Odette;67
Sally;67
Tua;67
Tuisku;67
Violet;67
Alexandria;66
Alexina;66
Inge-Maj;66
Samantha;66
Sikuriina;66
Tuomikki;66
Valvikki;66
Vendela;66
Ariana;65
Eija-Liisa;65
Eveline;65
Gabrielle;65
Greetta;65
Ha;65
Henniina;65
Jannica;65
Kathleen;65
Pekantytär;65
Seidi;65
Sipriina;65
Sofiia;65
Tuyet;65
Ulla-Britt;65
Valerie;65
Fia;64
Gisela;64
Jennina;64
Julina;64
Ksenia;64
Maijastiina;64
Mari-Anna;64
Nadine;64
Noelle;64
Priscilla;64
Soila;64
Vladimirovna;64
Aisha;63
Fiina;63
Gloria;63
Hanna-Liisa;63
Lan;63
Marena;63
Sarina;63
Suvi-Päivikki;63
Catrine;62
Inez;62
Julietta;62
Mahamud;62
Miljaana;62
Sirja;62
Susa;62
Villiina;62
Abdirashid;61
Casandra;61
Elliida;61
Heléne;61
Janni;61
Kukka-Maria;61
Maini;61
Markontytär;61
Minh;61
Nita;61
Rosalina;61
Villentytär;61
Angelique;60
Arintytär;60
Hanna-Mari;60
Henriina;60
Kariina;60
Päivyt;60
Päivänsäde;60
Sonia;60
Vivika;60
Ann-Maj;59
Cristine;59
Edita;59
Elaine;59
Jennica;59
Liv;59
Maleena;59
Paola;59
Ros-Mari;59
Teea;59
Van;59
Viktoriina;59
Violetta;59
Elanor;58
Eleonor;58
Emmy;58
Freja;58
Ia;58
Kristella;58
Liisa-Maria;58
Milma;58
Onnia;58
Petrintytär;58
Tindra;58
Valentiina;58
Zahra;58
Anika;57
Arla;57
Birkitta;57
Cathrine;57
Jussintytär;57
Maritza;57
Pirjo-Riitta;57
Raakkel;57
Renate;57
Sinna;57
Taiga;57
Tähti;57
Vaula;57
Vivia;57
Vivianne;57
Alyssa;56
Ann-Charlott;56
Anni-Maria;56
Keiju;56
Marléne;56
Marta;56
Minette;56
Nanette;56
Rose-Maj;56
Rut;56
Santra;56
Suleima;56
Thea;56
Ariela;55
Birgetta;55
Dagny;55
Del;55
Gurli;55
Hannamari;55
Janiina;55
Jeannette;55
Joan;55
Katarine;55
Mirja-Liisa;55
Natali;55
Nikita;55
Verona;55
Adella;54
Eleni;54
Göta;54
Hope;54
Karenina;54
Leia;54
Marinella;54
Moa;54
Pieta;54
Vy;54
Agata;53
Alessa;53
Arlene;53
Disa;53
Eedla;53
Janine;53
Savannah;53
Sorella;53
Asteri;52
Auni;52
Carmela;52
Catrin;52
Celia;52
Eleena;52
Hélène;52
Jeanne;52
Margarete;52
Marjana;52
Meliina;52
Mirelle;52
Märtha;52
Nana;52
Nanni;52
Pelagia;52
Sirena;52
Tehilla;52
Theodora;52
Vendla;52
Adelaide;51
Aden;51
Aliise;51
Ensi;51
Halla;51
Heinikki;51
Henriksdotter;51
Jenita;51
Maikki;51
Malvina;51
Mariatta;51
Maryam;51
Milda;51
Miranna;51
Noomi;51
Pihlaja;51
Rigmor;51
Sienna;51
Angeliina;50
Ann-Katrin;50
María;50
Mary-Ann;50
Mohammad;50
Nancy;50
Sani;50
Stefanie;50
Ying;50
Amalie;49
Anetta;49
Anina;49
Daalia;49
Eeva-Leena;49
Gretel;49
Maaretta;49
Markuntytär;49
Tuutikki;49
Viviana;49
Yen;49
Ylva;49
Abukar;48
Bashir;48
Catalina;48
Dahir;48
Eeva-Maija;48
Gun-Britt;48
Jaakontytär;48
Jacqueline;48
Lilianna;48
Luise;48
Madelein;48
Marilyn;48
Markareetta;48
Merituulia;48
Miila;48
Miilia;48
Anna-Maaria;47
Ann-Britt;47
Desireé;47
Edna;47
Ewa;47
Lise;47
Renata;47
Renée;47
Tarina;47
Ulla-Maj;47
Adèle;46
Aleksina;46
Anna-Marja;46
Anneliina;46
Arita;46
Chatarina;46
Ekaterina;46
Elisi;46
Elly;46
Joanne;46
Keijukka;46
Lauren;46
Matilde;46
Merina;46
Nadia;46
Nova;46
Sivi;46
Annaleena;45
Beatrix;45
Deborah;45
Franziska;45
Liselotte;45
Maileena;45
Mianna;45
Otteliaana;45
Viia;45
Vivianna;45
Ailakki;44
Daisy;44
Daria;44
Désirée;44
Eeva-Kaarina;44
Fredrica;44
Hymy;44
Ingemo;44
Juudit;44
Maija-Riitta;44
Melita;44
Miira;44
Mikaelsdotter;44
Neilikka;44
Nga;44
Rosalinda;44
Serina;44
Thi;44
Wellamo;44
Venny;44
Viktorina;44
Zaida;44
Abdirizak;43
Adan;43
Ann-Helen;43
Ann-Lis;43
Crista;43
Eleonore;43
Eliza;43
Ilo;43
Jannentytär;43
Julianne;43
June;43
Kateriina;43
Leanna;43
Martiina;43
Melody;43
Ruska;43
Signhild;43
Vesantytär;43
Amy;42
Andersdotter;42
Anuliina;42
Fransilia;42
Hang;42
Harrintytär;42
Huyen;42
Ida-Sofia;42
Jemima;42
Liana;42
Maret;42
Minella;42
Mirikli;42
Nette;42
Abdullah;41
Ailikki;41
Alejandra;41
Ancela;41
Annmari;41
Beada;41
Eileen;41
Elif;41
Heldine;41
Kirsi-Maria;41
Leonore;41
Madelaine;41
Merit;41
Mildred;41
Nathalia;41
Oma;41
Pricilla;41
Sanna-Liisa;41
Vivan;41
Aaria;40
An;40
Anna-Riitta;40
Arja-Liisa;40
Bodil;40
Brigitte;40
Chantal;40
Eerica;40
Emine;40
Georgina;40
Hanni;40
Hasan;40
Hoa;40
Kate;40
Lauha;40
Linne;40
Liselott;40
Maren;40
Meritta;40
Nenna;40
Penelope;40
Pälvi;40
Raakkeli;40
Simona;40
Solja;40
Stefania;40
Terése;40
Tupuna;40
Viktorovna;40
Annami;39
Anna-Stina;39
Arnevi;39
Beatriz;39
Christiane;39
Dahlia;39
Ellinora;39
Esantytär;39
Esteriina;39
Fransiska;39
Hille;39
Ilkantytär;39
Juanita;39
Leonie;39
Maritsa;39
Muisto;39
Mustafa;39
Nhu;39
Pirjo-Liisa;39
Rae;39
Renee;39
Runa;39
Samintytär;39
Sanna-Maria;39
Sanniina;39
Sirke;39
Sofiina;39
Tarita;39
Abbas;38
Abdifatah;38
Ancelika;38
Anjuska;38
Anmari;38
Annariina;38
Apollonia;38
Dung;38
Elvina;38
Frederika;38
Hilde;38
Inge;38
Izabella;38
Kukkamaaria;38
Loan;38
Marjorie;38
Meerit;38
Melida;38
Melodia;38
Ollintytär;38
Rauna;38
Repekka;38
Safiira;38
Susana;38
Torborg;38
Tuike;38
Aino-Maija;37
April;37
Assi;37
Debora;37
Dora;37
Ella-Maria;37
Elmiira;37
Ivanovna;37
Jamal;37
Johanne;37
Johansdotter;37
Karpalo;37
Larsdotter;37
Laurintytär;37
Le;37
Linéa;37
Lise-Lotte;37
Manteli;37
Mariikka;37
Meh;37
Mi;37
Nhung;37
Pomeliina;37
Sharon;37
Tatiana;37
Thelma;37
Ahmad;36
Ailiina;36
Andréa;36
Celinda;36
Delila;36
Eline;36
Emelina;36
Flora;36
Frideborg;36
Hilpi;36
Jamina;36
Janessa;36
Jarna;36
Jounintytär;36
Madeline;36
Maria-Leena;36
Melek;36
Paulette;36
Ristontytär;36
Safia;36
Sarika;36
Soraja;36
Svetlana;36
Tapiontytär;36
Teodora;36
Tiitu;36
Tuomaantytär;36
Valpu;36
Airiina;35
Alfrida;35
Alica;35
Anna-Stiina;35
Cindy;35
del;35
Effia;35
Erkintytär;35
Freya;35
Hanh;35
Iman;35
Jessiina;35
Maaren;35
Manda;35
Meiju;35
Nikolaevna;35
Quynh;35
Sanna-Mari;35
Sievä;35
Tilde;35
Alexis;34
Ama;34
Chiara;34
Einikki;34
Emilla;34
Enneli;34
Hagar;34
Hinni;34
Illuusia;34
Jennie;34
Leontine;34
Lise-Lott;34
Lulu;34
Mahad;34
Marcella;34
Margaretta;34
Meryem;34
Mina;34
Nia;34
Sadetta;34
Sanja;34
Scarlett;34
Tania;34
Thyra;34
Wambui;34
Wanjiru;34
Adaliina;33
Anna-Karin;33
Annemarie;33
Birgitte;33
Eeva-Riitta;33
Eugenie;33
Isolde;33
Juni;33
Karolin;33
Katri-Helena;33
Kiara;33
Kuu;33
Lien;33
Lucy;33
Ly;33
Maud;33
Maxine;33
Mimi;33
Nanny;33
Pulmu;33
Rashid;33
Ros-Marie;33
Savanna;33
Sylva;33
Tianna;33
Toive;33
Vienna;33
Yasmina;33
Adanna;32
Alexiina;32
Aniela;32
Anna-Greta;32
Anna-Kristiina;32
Chi;32
Cia;32
Corinne;32
Dawn;32
Dorrit;32
Eerin;32
Evy;32
Fransina;32
Greeta;32
Junia;32
Katjuska;32
Kay;32
Khalid;32
Larisa;32
Liida;32
Ling;32
Margherita;32
Mari-Louise;32
Marine;32
Marjuska;32
Matlena;32
Muru;32
Oline;32
Omena;32
Pasintytär;32
Salad;32
Snöfrid;32
Tam;32
Terontytär;32
Tiuku;32
Tuomontytär;32
Ulla-Maria;32
Wiola;32
Zoe;32
Agnete;31
Ani;31
Athena;31
Björnsdotter;31
Brigitta;31
Dana;31
Elenor;31
Emina;31
Faith;31
Gerd;31
Janintytär;31
Leah;31
Liban;31
Lola;31
Lucina;31
Madleena;31
Martintytär;31
Mikael;31
Minttu-Maaria;31
Miona;31
Mirabella;31
Monique;31
Noor;31
Otteliana;31
Sivia;31
Tyra;31
Ulfsdotter;31
Wanjiku;31
Abdul;30
Adeleine;30
Aksiina;30
Ann-Maria;30
Ariella;30
Arwen;30
Bich;30
Carol;30
Dalia;30
de;30
Diane;30
Dina;30
Eerontytär;30
Friida;30
Galina;30
Helly;30
Hippu;30
Indira;30
Josefia;30
Joyce;30
Lavinia;30
Leigh;30
Lin;30
Mahmoud;30
Mariah;30
Ngan;30
Niia;30
Nikolajevna;30
Pia-Maria;30
Raija-Liisa;30
Reea;30
Rosemarie;30
Saad;30
Sara-Sofia;30
Sharif;30
Sinella;30
Suleiman;30
Unikko;30
Yasemin;30
Adelé;29
Agafia;29
Ainu;29
Aleksa;29
Anatoljevna;29
Anett;29
Annakaisa;29
Annaliina;29
Artontytär;29
Athene;29
Augustiina;29
Aukusta;29
Axelina;29
Bertha;29
Carlotta;29
Catariina;29
Eelia;29
Eeva-Stiina;29
Ellevi;29
Eva-Liisa;29
Fernanda;29
Geraldine;29
Helfrid;29
Helmi-Maria;29
Helmina;29
Hetti;29
Iira;29
Isse;29
Janiika;29
Jarkontytär;29
Linnèa;29
Lumilla;29
Mahdi;29
Maijaliisa;29
Marget;29
Markitta;29
Minna-Maria;29
Mustikka;29
Nelma;29
Priitta;29
Sätene;29
Telma;29
Vineta;29
Adam;28
Adelea;28
Adelle;28
Ana;28
Annabelle;28
Ann-Catrin;28
Anya;28
Arabella;28
Aureelia;28
Auvikki;28
Carelia;28
De;28
Donna;28
Elsbeth;28
Franciska;28
Helkky;28
Henny;28
Hoang;28
Janetta;28
Jansdotter;28
Jessi;28
Jessina;28
Jurjevna;28
Kristiine;28
Lisen;28
Lounatuuli;28
Maj-Gret;28
Mariza;28
Martine;28
Metsätähti;28
Miili;28
Minessa;28
Naemi;28
Naimi;28
Njeri;28
Petersdotter;28
Ragni;28
Roberta;28
Sirius;28
Tiia-Maria;28
Tiiu;28
Xuan;28
Abdikarim;27
Anilla;27
Anna-Helena;27
Anne-Maija;27
Arja-Leena;27
Ea;27
Eea;27
Faisal;27
Hanna-Kaisa;27
Iida-Sofia;27
Juhontytär;27
Kaari;27
Kaija-Liisa;27
Kesäheinä;27
Kimmontytär;27
Lianna;27
Maare;27
Madelen;27
Malva;27
Marcela;27
Marlén;27
Mary-Anne;27
Michele;27
Milli;27
Minttu-Maria;27
Musse;27
Neonilla;27
Nguyet;27
Ninette;27
Salama;27
Sole;27
Sulamit;27
Teemuntytär;27
Tommintytär;27
Truc;27
Valentine;27
Varvara;27
Verena;27
Vi;27
Vivica;27
Vivien;27
Vivienne;27
Abdulle;26
Alfiina;26
Aliida;26
Amilia;26
Anna-Elina;26
Anne-May;26
Annemi;26
Beate;26
Bent;26
Berta;26
Eevamaria;26
Eimi;26
Elene;26
Elizabet;26
Elli-Maria;26
Eloni;26
Emmaliina;26
Erikka;26
Evena;26
Han;26
Hilve;26
Ihana;26
Jarmontytär;26
Kesia;26
Kieu;26
Kristian;26
Kumari;26
Laine;26
Leonoora;26
Lumimarja;26
Mansikka;26
Marleene;26
Mia-Maria;26
Oanh;26
Otteljaana;26
Rosanne;26
Salah;26
Sirpa-Liisa;26
Solina;26
Soraya;26
Suvi-Maaria;26
Talvi;26
Tulikki;26
Wairimu;26
Wiktoria;26
Wilhelmine;26
Viviann;26
Akintytär;25
Aleksandria;25
Alena;25
Alfhilda;25
Artemis;25
Aster;25
Audrey;25
Biritta;25
Christiana;25
Dilara;25
Dorothy;25
Eloise;25
Elviina;25
Farina;25
Gunlög;25
Hien;25
Iona;25
Irén;25
Khaled;25
Majvor;25
Margitha;25
Merette;25
Odelia;25
Priita;25
Ragnborg;25
Retriikka;25
Rhea;25
Rosemary;25
Ruby;25
Sidonia;25
Taisia;25
Tinka;25
Uni;25
Valo;25
Wanda;25
Vasiljevna;25
Yee;25
Zara;25
Abdikarin;24
Adelein;24
Adelie;24
Adine;24
Aicha;24
Alba;24
Amber;24
Anaïs;24
Anastaasia;24
Aniina;24
Anissa;24
Anna-Emilia;24
Anna-Katariina;24
Annimari;24
Aretta;24
Aria;24
Aylin;24
Blondine;24
Cecilie;24
Elektra;24
Ellie;24
Esperanza;24
Hannaleena;24
Iiri;24
Iren;24
Katharine;24
Leone;24
Leyla;24
Liza;24
Lolita;24
Ludmila;24
Lynne;24
Mai-Lis;24
Mariko;24
Markuksentytär;24
Marleen;24
Maura;24
Merikukka;24
Mihailovna;24
Minda;24
Sannamari;24
Sannukka;24
Sini-Tuulia;24
Skye;24
Taikatuuli;24
Tilma;24
Tomintytär;24
Tutteli;24
Violeta;24
Abdillahi;23
Abshir;23
Adil;23
Anna-Riikka;23
Bao;23
Borisovna;23
Briita;23
Camila;23
Catharine;23
Catherina;23
Chau;23
Ciara;23
Crystal;23
Diem;23
Eedith;23
Enja;23
Eunice;23
Fay;23
Helina;23
Hermine;23
Ivanova;23
Kariitta;23
Khanh;23
Kotivalo;23
Kristen;23
Kuutar;23
Liidia;23
Maarja;23
Manna;23
Margret;23
Mariama;23
Marike;23
Marjale;23
Miikantytär;23
Milea;23
Muthoni;23
Nikola;23
Nour;23
Peppilotta;23
Petrina;23
Philippa;23
Pii;23
Salman;23
Sargit;23
Satu-Maarit;23
Sina;23
Svanhild;23
Tanya;23
Tessaliina;23
Thérèse;23
Tonintytär;23
Trinh;23
Unni;23
Abd;22
Abdirisak;22
Abdirisaq;22
Abed;22
Adnan;22
Adrienne;22
Akviliina;22
Amadea;22
Amin;22
Angeli;22
Anisa;22
Anniliina;22
Antonella;22
Arianne;22
Aronia;22
Awa;22
Avilla;22
Aziz;22
Bernadette;22
Birit;22
Cam;22
Chanel;22
Chelsea;22
Dao;22
Darling;22
Edvina;22
Eevaliisa;22
Emiliina;22
Enniina;22
Esikko;22
Etti;22
Eva-Stina;22
Exenia;22
Fatma;22
Francisca;22
Freija;22
Garita;22
Hanna-Maija;22
Helea;22
Helpi;22
Hetastiina;22
Htoo;22
Ifeoma;22
Janice;22
Kaariina;22
Kirsten;22
Kuura;22
Leni;22
Lisa-Maria;22
Lotta-Maria;22
Lusiina;22
M.;22
Magda;22
Malika;22
Malina;22
Maree;22
Mária;22
Marje;22
Market;22
Marusja;22
Mirjaana;22
Mitra;22
Molly;22
Natascha;22
Nicoletta;22
Norma;22
Opri;22
Päivätär;22
Retriika;22
Sakura;22
Sallamari;22
Satu-Maaria;22
Sepontytär;22
Sohvia;22
Sol-Britt;22
Susannah;22
Suvi-Maria;22
Suzan;22
Syrilla;22
Thomasdotter;22
Yan;22
Abdikadir;21
Agnieszka;21
Aino-Liisa;21
Alison;21
Ameliina;21
Anabel;21
Annabell;21
Anne-Marja;21
Asad;21
Aslög;21
Berfin;21
Cilla;21
Damaris;21
Desideria;21
Eda;21
Edina;21
Eela;21
Eliida;21
Eliisabeth;21
Eulalia;21
Fredriksdotter;21
Giovanna;21
Haji;21
Hannelore;21
Hele;21
Helin;21
Hennariikka;21
Henna-Riikka;21
India;21
Jaanika;21
Jalmiina;21
Jarnontytär;21
Jekateriina;21
Jenika;21
Jolie;21
Josetta;21
Juulianna;21
Kaisli;21
Kasmira;21
Kata;21
Kathrin;21
Kathrine;21
Kelly;21
Leandra;21
Louice;21
Lumianna;21
Madonna;21
Maretta;21
Marijaana;21
Marjeli;21
Matsdotter;21
Maurintytär;21
Merihelmi;21
Miitta;21
Milia;21
Mona-Lisa;21
Nicolette;21
Noelia;21
Petrovna;21
Satu-Maria;21
Sera;21
Sergeevna;21
Sheikh;21
Sigbritt;21
Siro;21
Stefansdotter;21
Sävy;21
Tien;21
Tii;21
Tulikukka;21
Varma;21
A.;20
Abdiasis;20
Ai;20
Alberta;20
Alfa;20
Alia;20
Amelié;20
Anja-Liisa;20
Apila;20
Ariane;20
Ashley;20
Atieno;20
Avella;20
Camille;20
Cara;20
Catrina;20
Chioma;20
Chloe;20
Delia;20
Dorita;20
Else-May;20
Emmanuelle;20
Faye;20
Fuad;20
Giang;20
Gisella;20
Hai;20
Hamid;20
Hannamaria;20
Hue;20
Idamaria;20
Iselin;20
Isella;20
Isobel;20
Jaber;20
Jana;20
Janella;20
Jarita;20
Jonasdotter;20
Joseph;20
Jyrkintytär;20
Kaste-Helmi;20
Katarzyna;20
Khadar;20
Khadija;20
Khalif;20
Linda-Maria;20
Lorraine;20
Love;20
Lumituuli;20
Marella;20
Maribel;20
Mariet;20
Mariliina;20
Melise;20
Mesimarja;20
Milla-Maria;20
Minéa;20
Natasia;20
Niini;20
Nilla;20
Noona;20
Nuur;20
Nyambura;20
Oivi;20
Ona;20
Paavontytär;20
Phung;20
Raquel;20
Robertsdotter;20
Sabah;20
Saritta;20
Shannon;20
Simontytär;20
Sinaida;20
Sorja;20
Sunneva;20
Taava;20
Tanita;20
Tarjaana;20
Theres;20
Una;20
Urpu;20
Yvette;20
Airikki;19
Alda;19
Alexander;19
Almiina;19
Anastasija;19
Aninka;19
Aurea;19
Auriina;19
Ayse;19
Belle;19
Brianna;19
Clare;19
Claudine;19
Darja;19
Effi;19
Elfrida;19
Elisia;19
Elvia;19
Emilija;19
Eriksdotter;19
Ernestine;19
Eskontytär;19
Farhan;19
Gitta;19
Görel;19
Hazel;19
Heidi-Maria;19
Hilla-Maria;19
Hua;19
Ilaria;19
Ingemaj;19
Isela;19
Jasmi;19
Joana;19
Joséphine;19
Kassandra;19
Kiana;19
Kimsdotter;19
Kylli;19
Laura-Maria;19
Leinikki;19
Liisu;19
Liisukka;19
Lorena;19
Lucie;19
Lykke;19
Magnusdotter;19
Malou;19
Mariija;19
Meriel;19
Miia-Maria;19
Miretta;19
Muhamed;19
Oliwia;19
Otilia;19
Petriikka;19
Quyen;19
Risten;19
Rosmariini;19
Salla-Maaria;19
Sanna-Maija;19
Secilia;19
Sofiel;19
Solbritt;19
Soma;19
Susette;19
Tahiti;19
Terttuli;19
Tia-Maria;19
Tran;19
Tuuli-Maria;19
Valvatti;19
Abdisalam;18
Adonika;18
Akveliina;18
Alex;18
Alexandrovna;18
Allegra;18
Amilda;18
Ania;18
Annalisa;18
Anne-Charlotte;18
Anne-Marita;18
Annimaria;18
Annmarie;18
Anselika;18
Ariadne;18
Blessing;18
Chloé;18
Christal;18
Christiansdotter;18
Ela;18
Elmina;18
Fransilja;18
Gun-Lis;18
Gunn-Britt;18
Halina;18
Hashi;18
Hedwig;18
Helianna;18
Inessa;18
Inga-Lis;18
Ingvor;18
Ivy;18
Juhanintytär;18
Juli;18
Kaisa-Maria;18
Karlotta;18
Katalin;18
Katherina;18
Kathryn;18
Kiti;18
Liliane;18
Lilla;18
Lizette;18
Lo;18
Lourdes;18
Madicken;18
Malaika;18
Marié;18
Maryanne;18
Merikki;18
Merilla;18
Militsa;18
Muhumed;18
Mumin;18
Ngozi;18
Nicoline;18
Paulikki;18
Pilar;18
Puolukka;18
Roosa-Maaria;18
Rosario;18
Sabriina;18
Safina;18
Sallamaari;18
Salla-Mari;18
Saranda;18
Sariina;18
Sol;18
Suzanna;18
Sylvie;18
Thien;18
Tiffany;18
Titania;18
Toussainte;18
Tuomi;18
Valencia;18
Viviane;18
Yang;18
Yu;18
Zainab;18
Zeynep;18
Aadan;17
Aadolfiina;17
Aalia;17
Abdiaziz;17
Adel;17
Agnetha;17
Ainomaria;17
Aino-Sofia;17
Alekseevna;17
Anna-Maarit;17
Anni-Maj;17
Ann-Nina;17
Anriikka;17
Antoniina;17
Augustina;17
Avelia;17
Britt-Louise;17
Carolyn;17
Cristin;17
Devi;17
Duyen;17
Eeva-Marja;17
Elizaveta;17
Elsa-Maria;17
Esme;17
Eva-Lisa;17
Eva-Marie;17
Evastiina;17
Fatou;17
Fu;17
Georgia;17
Gun-Maj;17
Gustaava;17
Hani;17
Hedda;17
Henrita;17
Irené;17
Irène;17
Iro;17
Jamila;17
Josefiia;17
Josephina;17
Josette;17
Justine;17
Kallentytär;17
Katia;17
Kirstiina;17
Kitty;17
Kulta;17
Leanne;17
Liila;17
Liivia;17
Lilith;17
Lis;17
Lisa-Marie;17
Lova;17
Lyylia;17
Maijeli;17
Mairit;17
Markareeta;17
Meri-Helmi;17
Milla-Maaria;17
Ming;17
Muse;17
Noella;17
Pellava;17
Princess;17
Rani;17
Rose-May;17
Saeed;17
Saleh;17
Salla-Maria;17
Salma;17
Shire;17
Sibel;17
Silla;17
Su;17
Suvituulia;17
Tiiti;17
Tu;17
Ulrike;17
Wera;17
Wictoria;17
Viivia;17
Viva;17
Zofia;17
Abdinasir;16
Abdulrahman;16
Adelei;16
Agneetta;16
Aksa;16
Akua;16
Alexandrine;16
Amal;16
Anna-Marie;16
Ann-Katrine;16
Athina;16
Beeda;16
Caitlin;16
Cajsa;16
Dominique;16
Edel;16
Eeva-Kaisa;16
Eevaleena;16
Eili;16
Elfiina;16
Elinda;16
Enia;16
Enya;16
Etta;16
Evangeline;16
Fei;16
Gabriele;16
Gunbritt;16
Gun-Marie;16
Hadi;16
Hashim;16
Heleni;16
Idun;16
Janitta;16
Jannike;16
Jasmiin;16
Jo;16
Joline;16
Kaisi;16
Kamal;16
Lam;16
Leonidovna;16
Leticia;16
Lill;16
Maarikka;16
Mar;16
Margrethe;16
Mariell;16
Marjaterttu;16
Meira;16
Menni;16
Minna-Liisa;16
Minne;16
Mohamad;16
Mukhtar;16
Myrsky;16
Nilsdotter;16
Ninna;16
Olofsdotter;16
Omelia;16
Pavlovna;16
Ping;16
Piretta;16
Pirre;16
Ranghild;16
Rania;16
Rosamaria;16
Salih;16
Sarai;16
Senia;16
Shanti;16
Silvana;16
Soja;16
Sue;16
Suvikki;16
Synnove;16
Tabita;16
Teressa;16
Tomasdotter;16
Tuyen;16
Valona;16
Valpori;16
Wenla;16
Vicktoria;16
Viona;16
Xin;16
Yael;16
Yasin;16
Aarika;15
Abdirahim;15
Ada-Maria;15
Adelheid;15
Adjoa;15
Agneeta;15
Aileen;15
Aisla;15
Alana;15
Aleyna;15
Amandine;15
Aminda;15
Amrita;15
Anerva;15
Anna-Bella;15
Anna-Reetta;15
Anne-Mai;15
Anni-Sofia;15
Anselmiina;15
Aralia;15
Auruura;15
Awil;15
Aviva;15
Beatta;15
Binte;15
Cariina;15
Céline;15
Chiamaka;15
Daud;15
Dieu;15
Dmitrievna;15
Dolly;15
Edda;15
Elia;15
Ellanoora;15
Elleni;15
Ellimaria;15
Emmelie;15
Francine;15
Gia;15
Heili;15
Heline;15
Hendrika;15
Henriitta;15
Henrikka;15
Hilkka-Liisa;15
Håkansdotter;15
Inge-Britt;15
Irmgard;15
Ivana;15
Jael;15
Jill;15
Jing;15
Kaija-Leena;15
Kaintytär;15
Karima;15
Karissa;15
Kersti;15
Kevät;15
Kristiana;15
Leena-Maria;15
Lene;15
Levina;15
Liljaana;15
Lumihelmi;15
Lumo;15
Maareta;15
Madison;15
Magnhild;15
Maj-Brit;15
Mariantytär;15
Marinna;15
Melia;15
Mella;15
Mereta;15
Mertta;15
Mesi;15
Mikaeela;15
Mikaella;15
Mildrid;15
Minnie;15
Mohamoud;15
Muhiadin;15
Natacha;15
Naz;15
Novalie;15
Oilikki;15
Oliivia;15
Olive;15
Onnea;15
Peppi-Lotta;15
Persdotter;15
Pertintytär;15
Pi;15
Pioni;15
Raina;15
Riitu;15
Roxana;15
Ruusunnuppu;15
Sallima;15
Serafima;15
Silpa;15
Sini-Maaria;15
Sirje;15
Sisko-Liisa;15
Sky;15
Solange;15
Soledad;15
Sonya;15
Sunniva;15
Tepontytär;15
Teres;15
Tähkä;15
Wangui;15
Venus;15
Violette;15
Zinaida;15
Zohra;15
Aana;14
Abdallah;14
Abdulahi;14
Abdulqadir;14
Achieng;14
Adile;14
Aimée;14
Allida;14
Anais;14
Ananda;14
Anne-Liisa;14
Ann-Sophie;14
Arma;14
Atlanta;14
Aya;14
Babette;14
Cathrin;14
Catriona;14
Cynthia;14
Da;14
Daniel;14
Decire;14
Dimitrova;14
Elias;14
Ellan;14
Elmira;14
Emil;14
Emilii;14
Esra;14
Eudokia;14
Eulaalia;14
Evia;14
Evin;14
Faina;14
Florentina;14
Freyja;14
Gunveig;14
Haidar;14
Hansdotter;14
Heilimä;14
Heléna;14
Heliä;14
Helleni;14
Hintriikka;14
Ing-Mari;14
Inka-Maria;14
Irja-Liisa;14
Isatou;14
Jabbar;14
Jarlsdotter;14
Jenica;14
Jin;14
Jormantytär;14
Juhanantytär;14
Juhani;14
Julanda;14
Katleena;14
Khalil;14
Kimberly;14
Kirsimarja;14
Laulikki;14
Laure;14
Layla;14
Leena-Maija;14
Leonor;14
Lida;14
Line;14
Ljubov;14
Loretta;14
Luciana;14
Luminea;14
Lusina;14
Majbritt;14
Malgorzata;14
Marcelle;14
Marisanna;14
Metta;14
Miida;14
Mili;14
Min;14
Muusa;14
Naima;14
Nelia;14
Olavi;14
Otava;14
Paju;14
Peggy;14
Pettiina;14
Piatta;14
Railikki;14
Raini;14
Raunontytär;14
Reetriikka;14
Rinna;14
Rolfsdotter;14
Rosiina;14
Runo;14
Sanna-Kaisa;14
Saranna;14
Saria;14
Selia;14
Senna;14
Senobia;14
Sini-Maria;14
Sinituuli;14
Synnevi;14
Terésa;14
Tiana;14
Tora;14
Torhild;14
Tytteli;14
Walborg;14
Wendy;14
Vesta;14
Vittoria;14
Yun;14
Zeinab;14
A;13
Abdalla;13
Abdishakur;13
Abena;13
Aino-Kaisa;13
Alesia;13
Amaliina;13
Ambrosia;13
Amie;13
Amine;13
Aniara;13
Anjatta;13
Anna-Katriina;13
Annasofia;13
Annea;13
Anneke;13
Annelise;13
Annuka;13
Anttoniina;13
Anwar;13
Arlette;13
Bahar;13
Bashiir;13
Béatrice;13
Beth;13
Caramia;13
Cecile;13
Cécile;13
Charlene;13
Cordelia;13
Cristel;13
Dea;13
Deniz;13
Derya;13
Dimitra;13
Edviina;13
Eeva-Kristiina;13
Ellinore;13
Elva;13
Essiina;13
Evastina;13
Evian;13
Familia;13
Feodosia;13
Fransisca;13
Gaia;13
Georgieva;13
Gladys;13
Gullevi;13
Gun-Viol;13
Habib;13
Hanad;13
Harriette;13
Hatice;13
Hayder;13
Heather;13
Henrintytär;13
Ida-Marie;13
Iina-Maria;13
Inga-Maria;13
Inge-May;13
Ioana;13
Irini;13
Irma-Liisa;13
Izabel;13
James;13
Jenifer;13
Jenny-Maria;13
Jetta;13
Johannes;13
Joosefiina;13
Josefa;13
Kaiho;13
Kaisa-Liisa;13
Kamil;13
Kiuru;13
Kristal;13
Kristianna;13
La;13
Leonna;13
Liilia;13
Lille-Mor;13
Lis-Marie;13
Louis;13
Lovis;13
Lumililja;13
Lumi-Maria;13
Mailikki;13
Maininki;13
Maissi;13
Maliina;13
Man;13
Marcusdotter;13
Margerita;13
Maria-Helena;13
Marii;13
Marintytär;13
Mariska;13
Marjariitta;13
Markusdotter;13
Maruzella;13
Matroona;13
Maureen;13
Maxima;13
Melian;13
Melike;13
Mindi;13
Minttumaaria;13
Mireille;13
Miryam;13
Natasa;13
Nina-Maria;13
Nonna;13
Olegovna;13
Oosa;13
Othilia;13
Paris;13
Paw;13
Pelagea;13
Piitu;13
Pipariina;13
Polina;13
Poppy;13
Prisilla;13
Priya;13
Raimontytär;13
Ranja;13
Regiina;13
Rihanna;13
Riikka-Liisa;13
Riitta-Leena;13
Rina;13
Saara-Maria;13
Sadehelmi;13
Salaad;13
Salina;13
Sarafina;13
Seraphina;13
Serenella;13
Sergejevna;13
Sherif;13
Sibylla;13
Silmu;13
Sira;13
Sirin;13
Sävele;13
Tapanintytär;13
Tuulianna;13
Ullrika;13
Uyen;13
Vanilia;13
Vida;13
Vilda;13
Viljaana;13
Willow;13
Viviikka;13
Åkesdotter;13
Abdiwali;12
Abdiweli;12
Abdulkarim;12
Adelin;12
Adrianna;12
Aile;12
Ailin;12
Aimee;12
Aivi;12
Akiliina;12
Aleksejevna;12
Alette;12
Alisha;12
Althea;12
Amara;12
Andeliina;12
Anervo;12
Anki;12
Anna-Kristina;12
Ann-Catrine;12
Anne-Kristiina;12
Annetta;12
Anssintytär;12
Anttuuna;12
Arielle;12
Arleena;12
Astra;12
Aunetta;12
Aveliina;12
Axa;12
Be;12
Benedicta;12
Birgitt;12
Carissa;12
Christianne;12
Clary;12
Corinna;12
Damla;12
Danuta;12
Eleana;12
Eléna;12
Elsiina;12
Els-Maj;12
Elwira;12
Emiina;12
Emila;12
Emma-Sofia;12
Engeliina;12
Enne-Liisa;12
Ennika;12
Enrica;12
Eva-Lotta;12
Evangelina;12
Evella;12
Fakher;12
Felicity;12
Fiinu;12
Floora;12
Françoise;12
Fuaad;12
Grete;12
Gunlis;12
Gül;12
Hagi;12
Hanne-Mari;12
Hatem;12
Havina;12
Henna-Maria;12
Hentriikka;12
Hermiina;12
Hilda-Maria;12
Hilja-Maria;12
Huynh;12
Iidamaria;12
Immi;12
Indiana;12
Inga-Liisa;12
Jadeliina;12
Jarmila;12
Jayne;12
Jelina;12
Jenni-Maria;12
Kamila;12
Karela;12
Karine;12
Karitta;12
Kaste;12
Klarissa;12
Kristiin;12
Leslie;12
Lii;12
Liise;12
Liliann;12
Lise-Maj;12
Lucienne;12
Lumiella;12
Luminka;12
Luz;12
Mabel;12
Mafalda;12
Mai-Britt;12
Mairi;12
Margeta;12
Mariika;12
Marisol;12
Marja-Helena;12
Maryann;12
Medina;12
Meredith;12
Merja-Liisa;12
Milina;12
Minnami;12
Mirigli;12
Mirja-Leena;12
Morgan;12
Mustaf;12
Natasja;12
Nessa;12
Niklasdotter;12
Nikolina;12
Ninetta;12
Njambi;12
Oksana;12
Omenankukka;12
Osmontytär;12
Ottiliana;12
Pearl;12
Peter;12
Piparminttu;12
Pirjo-Leena;12
Raija-Leena;12
Reine;12
Renja;12
Ringa;12
Rosmari;12
Sabiina;12
Sadat;12
Sahal;12
Saleban;12
Salvia;12
Samir;12
Samuela;12
Samuntytär;12
Sari-Anne;12
Shirley;12
Sinikukka;12
Sinivuokko;12
Sissel;12
Sulotar;12
Taika-Tuulia;12
Tatja;12
Terttu-Liisa;12
Thuong;12
Tilta;12
Tova;12
Ulla-Stina;12
Valentinovna;12
Walpuri;12
Vanja;12
Vasiliki;12
Veea;12
Vega;12
Vibeke;12
Viima;12
Wilda;12
Wivi;12
Yin;12
Yrsa;12
Zelda;12
Zenita;12
Aada-Maria;11
Aaliyah;11
Aamutähti;11
Abdihakim;11
Abdiwahab;11
Adelma;11
Adette;11
Adora;11
Afrodite;11
Agape;11
Agnia;11
Akseliina;11
Akter;11
Aleksanda;11
Alisi;11
Alliina;11
Almida;11
Alwan;11
Amarachi;11
Amaya;11
Amir;11
Anahita;11
Angeline;11
Anisia;11
Anja-Riitta;11
Anna-Karoliina;11
Annamaaria;11
Anna-Mi;11
Annariikka;11
Ann-Caroline;11
Annel;11
Annentytär;11
Ann-Kristine;11
Ann-Louis;11
Annuska;11
Anseliina;11
Ashraf;11
Astri;11
Aula;11
Aurelie;11
Auringonkukka;11
Ayad;11
Aziza;11
Beea;11
Berivan;11
Bigga;11
Bile;11
Bosdotter;11
Britt-Inger;11
Cathryn;11
Catriina;11
Chatrine;11
Christie;11
Clarisse;11
Colette;11
Danielsdotter;11
Despina;11
Destiny;11
Diep;11
Eeda;11
Eeti;11
Eetla;11
Eirene;11
Eliane;11
Elisabetta;11
Elita;11
Elke;11
Elona;11
Elvine;11
Elzbieta;11
Emmeliina;11
Enrika;11
Evangelia;11
Evanna;11
Evgenia;11
Fanniina;11
Feelia;11
Fouad;11
Francilia;11
Frieda;11
Friederike;11
Galadriel;11
Giselle;11
Gunda;11
Helleka;11
Helny;11
Hristova;11
Ileana;11
Iliana;11
Iraida;11
Irkka;11
Jada;11
Jadwiga;11
Janelle;11
Jeminna;11
Joukontytär;11
Juliane;11
Kaarna;11
Kamel;11
Karim;11
Kasandra;11
Kasperiina;11
Katie;11
Kirsi-Maaria;11
Krystyna;11
Käthe;11
Lassentytär;11
Lassintytär;11
Leelia;11
Lei;11
Leija;11
Luana;11
Luiza;11
Lumi-Kukka;11
Lumi-Tuulia;11
Mahmood;11
Maija-Stiina;11
Maj-Gun;11
Majlen;11
Malak;11
Mari-Jaana;11
Maritha;11
Marja-Kaarina;11
Marwa;11
Meerika;11
Meja;11
Meliida;11
Meriem;11
Merili;11
Michael;11
Michela;11
Minna-Maaria;11
Miria;11
Mirkku;11
Moana;11
Mohamuud;11
Muhammed;11
Muktar;11
Muriel;11
Nadezda;11
Nitta;11
Njoki;11
Noemi;11
Octavia;11
Oihonna;11
Oliver;11
Olympia;11
Patriicia;11
Pentintytär;11
Pirta;11
Putri;11
Päivä;11
Qasim;11
Rabia;11
Rahman;11
Rebeca;11
Reijontytär;11
Riikka-Maria;11
Riitta-Maija;11
Robin;11
Rosalin;11
Rosalyn;11
Rosa-Marie;11
Rosie;11
Ruu;11
Samia;11
Sania;11
Sanni-Maria;11
Saralia;11
Sara-Maria;11
Saraste;11
Sarri;11
Seita;11
Sella;11
Severina;11
Sheila;11
Sinervo;11
Sinja;11
Sisko-Maria;11
Solweig;11
Stigsdotter;11
Summer;11
Suong;11
Taini;11
Tawfik;11
Tho;11
Thy;11
Tilla;11
Tirlittan;11
Tita;11
Tram;11
Tuong;11
Tutta;11
Tuuni;11
Valonia;11
Wei;11
Vella;11
Wendela;11
Weronica;11
Wilmiina;11
Xiao;11
Xiu;11
Yahya;11
Yassin;11
Yi;11
Yousif;11
Abdirazak;10
Abubakar;10
Adalina;10
Adelyn;10
Adeola;10
Adwoa;10
Afia;10
Aiko;10
Aino-Elina;10
Akram;10
Alecia;10
Alfina;10
Alla;10
Allison;10
Alvi;10
Alviira;10
Aminata;10
Amorina;10
Ancelina;10
Anet;10
Angeles;10
Angelia;10
Anna-Kreeta;10
Anna-Reeta;10
Ann-Cathrine;10
Annileena;10
Ann-Sofia;10
Anthea;10
Araya;10
Arietta;10
Arina;10
Arna;10
Arya;10
Askontytär;10
Astrea;10
Auria;10
Aurore;10
Avena;10
Awuor;10
Ayla;10
Beerit;10
Biret;10
Birita;10
Blanca;10
Blanka;10
Borghild;10
Carmel;10
Cécilia;10
Chantelle;10
Charlot;10
Chen;10
Christelle;10
Cinderella;10
Clémentine;10
Dang;10
Delilah;10
Desirè;10
Desiren;10
Domna;10
Edwina;10
Eevantytär;10
Eija-Riitta;10
Elegia;10
Elen;10
Ellamaria;10
Ellimaija;10
Elwiira;10
Emanuela;10
Emeline;10
Emiliana;10
Emilié;10
Emmastiina;10
Emmeline;10
Emriikka;10
Esma;10
Estel;10
Eugénie;10
Ewelina;10
Fadhil;10
Federica;10
Fen;10
Florencia;10
Gennadjevna;10
Gertrude;10
Grigorjevna;10
Guadalupe;10
Gull-Britt;10
Göransdotter;10
Haider;10
Hamdi;10
Hameed;10
Hannaliisa;10
Hanna-Maaria;10
Helky;10
Helmililja;10
Helmi-Sofia;10
Hennika;10
Hentriika;10
Hetta;10
Hussain;10
Iida-Emilia;10
Imad;10
Immikki;10
Inga-Maj;10
Ingebritt;10
Ismael;10
Ismontytär;10
Issa;10
Ivanka;10
Ivonne;10
Izabela;10
Izabell;10
Izabelle;10
Jacoba;10
Jahan;10
Jamelia;10
Jeanine;10
Jemilia;10
Jessie;10
Jia;10
Jimena;10
Joeliina;10
Jonina;10
Jonintytär;10
Julienne;10
Jyrintytär;10
Karliina;10
Karlsdotter;10
Kataja;10
Kathrina;10
Katjana;10
Katjusha;10
Katri-Maria;10
Kaukontytär;10
Krispina;10
Krisse;10
Ksenja;10
Kuunsäde;10
Lalita;10
Laurel;10
Leonilla;10
Lis-Mari;10
Lucille;10
Magga;10
Magnolia;10
Makreeta;10
Malene;10
Mare;10
Marge;10
Marghita;10
Margurite;10
Maria-Sofia;10
Marida;10
Marie-Anne;10
Marie-Christine;10
Mariisa;10
Maris;10
Marjo-Leena;10
Marjoriitta;10
Marla;10
Marle;10
Maurita;10
Meija;10
Meirami;10
Melis;10
Merelle;10
Merethe;10
Merja-Riitta;10
Merve;10
Meta;10
Milada;10
Milja-Maria;10
Mirana;10
Mirela;10
Miska;10
Moe;10
Muhammad;10
Mui;10
Musa;10
Mushtak;10
Myriam;10
Mårtensdotter;10
Nada;10
Naema;10
Nan;10
Nasti;10
Nataliina;10
Nellie;10
Nemi;10
Nguyen;10
Noa;10
Onnetar;10
Oskarintytär;10
Paige;10
Patrica;10
Patrizia;10
Petranella;10
Ragna;10
Reina;10
Rene;10
Rikuntytär;10
Rilla;10
Ritva-Leena;10
Roosamari;10
Roosamaria;10
Rosabella;10
Rose-Mari;10
Rosmarie;10
Roxanne;10
Roza;10
S.;10
Sadie;10
Sadiq;10
Safiina;10
Safiya;10
Sakarintytär;10
San;10
Sandrine;10
Sari-Anna;10
Sasha;10
Sebastian;10
Seea;10
Selin;10
Senny;10
Shan;10
Shirin;10
Sini-Orvokki;10
Sinitta;10
Sirikli;10
Sofija;10
Soleil;10
Susi;10
Suvi-Tuulikki;10
Taha;10
Thalia;10
Tiinantytär;10
Ting;10
Toma;10
Trinity;10
Tuttu;10
Tuva;10
Tyttö;10
Ulla-Riitta;10
Vaapukka;10
Waldine;10
Vanda;10
Wangari;10
Warsame;10
Vaulikki;10
Wen;10
Vilpiina;10
Wiveka;10
Xiang;10
Yaa;10
Young;10
Yussuf;10
Zoja;10
Zsuzsanna;10
Aarla;9
Aba;9
Abdel;9
Abdulaziz;9
Abdulla;9
Abid;9
Adalmia;9
Ada-Sofia;9
Adea;9
Adelmiina;9
Adhiambo;9
Aimi;9
Aino-Emilia;9
Ainoliisa;9
Ainomaija;9
Akosua;9
Alaa;9
Amaia;9
Amanta;9
Anabella;9
Anastassia;9
Anatolievna;9
Andreea;9
Anetti;9
Anfiisa;9
Angelita;9
Anima;9
Anine;9
Anja-Leena;9
Anju;9
Anna-Brita;9
Anna-Liina;9
Ann-Cathrin;9
Anne-Christine;9
Annett;9
Ann-Helene;9
Ann-May;9
Ann-Viol;9
Anttoona;9
Arja-Riitta;9
Arline;9
Arnikki;9
Asantewaa;9
Atef;9
Atsalea;9
Avelina;9
Aysel;9
Barita;9
Benina;9
Bint;9
Brooke;9
Chatrin;9
Cheryl;9
Ching;9
Chris;9
Christella;9
Christersdotter;9
Chun;9
Cicilia;9
Cristal;9
Dalila;9
Dan;9
Dilan;9
Dominika;9
Duong;9
Eeden;9
Eena;9
Efia;9
Elda;9
Eléonore;9
Elicia;9
Elouise;9
Emile;9
Emmanuel;9
Ene;9
Enni-Maria;9
Erita;9
Eveli;9
Eylül;9
Faarah;9
Fahad;9
Faysal;9
Febe;9
Feodora;9
Franksdotter;9
Fransesca;9
Gail;9
Georgette;9
Ghalib;9
Gita;9
Giulia;9
Gracia;9
Graciela;9
Guldine;9
Gun-Mari;9
Gunni;9
Gwendolyn;9
Hanna-Riikka;9
Hao;9
Helia;9
Helmiida;9
Heloise;9
Hilary;9
Ija;9
Iloisa;9
Inci;9
Ingalis;9
Ing-Marie;9
Ireena;9
Jalal;9
Jaqueline;9
Jevgenia;9
Joela;9
Jonnentytär;9
Jordan;9
Juliska;9
Juno;9
Juuliska;9
Kaaren;9
Kai;9
Kasimiira;9
Kasmiira;9
Katerine;9
Katina;9
Katjantytär;9
Katrianna;9
Konstantinovna;9
Kristiansdotter;9
Laetitia;9
Leana;9
Leela;9
Lieu;9
Liis;9
Lilyan;9
Linette;9
Liona;9
Lita;9
Ljudmila;9
Lolan;9
Lotta-Maaria;9
Lumi-Tuuli;9
Lusia;9
M;9
Madelén;9
Madeléne;9
Maher;9
Maijastina;9
Maj-Leena;9
Mandana;9
Mandelina;9
Marfa;9
Margrete;9
Marice;9
Marieke;9
Mari-Ella;9
Marie-Sofie;9
Marijanne;9
Marja-Sisko;9
Marjo-Liisa;9
Marttina;9
Maruska;9
Mattiina;9
Meliisa;9
Meri-Kukka;9
Merilin;9
Midori;9
Mii;9
Mileena;9
Militza;9
Minna-Mari;9
Miriel;9
Mohsen;9
Monna;9
Mumbi;9
Mursal;9
Muuse;9
Myra;9
Nabila;9
Natalja;9
Nerina;9
Nerissa;9
Niika;9
Nika;9
Nikki;9
Nona;9
Onna;9
Ophelia;9
Oskari;9
Perla;9
Petterintytär;9
Päivintytär;9
Päiviö;9
Romana;9
Rosella;9
S;9
Sakuntytär;9
Salima;9
Sanneli;9
Sanny;9
Sarleena;9
Seralia;9
Sesilja;9
Shakira;9
Sickan;9
Silve;9
Sirkka-Leena;9
Sofía;9
Sulina;9
Sävel;9
Taher;9
Tanjaana;9
Tasnim;9
Taylor;9
Teijontytär;9
Telle;9
Terésia;9
Tereza;9
Tertit;9
Theresé;9
Therèse;9
Thérése;9
Tiitta;9
Tuana;9
Tyyra;9
Ulla-Maarit;9
Ulla-Marja;9
Uma;9
Utu;9
Valerjevna;9
Waltraud;9
Venna;9
Weronika;9
Williina;9
Xue;9
Y;9
Aadaliina;8
Aadalmiina;8
Aali;8
Abdisalan;8
Abdulgadir;8
Abdulkareem;8
Africa;8
Agnetta;8
Ahmednur;8
Ahmed-Nur;8
Aina-Maria;8
Aino-Inkeri;8
Airina;8
Aleena;8
Aleida;8
Alfriida;8
Alicja;8
Alide;8
Aliide;8
Alila;8
Alix;8
Amani;8
Amidala;8
Anactasia;8
Andelina;8
Andriette;8
Andromeda;8
Anielka;8
Annada;8
Annareetta;8
Anna-Tuulia;8
Anne-Britt;8
Anne-Maaria;8
Annemaria;8
Anne-Marjut;8
Anne-Riitta;8
Annuliina;8
Ara;8
Arif;8
Arlena;8
Auguste;8
Augustine;8
Aukustiina;8
Auliina;8
Awad;8
Ayman;8
Bengtsdotter;8
Bibi;8
Birgersdotter;8
Birketta;8
Brenda;8
Britt-Helen;8
Carine;8
Carlsdotter;8
Caterine;8
Celestine;8
Chan;8
Chanette;8
Chatrina;8
Christell;8
Chrystal;8
Clary-Ann;8
Coralie;8
Daahir;8
Darina;8
Davida;8
Dawood;8
Deanna;8
Deciree;8
Diandra;8
Dianne;8
Dorcas;8
Eduarda;8
Eedi;8
Eija-Inkeri;8
Eija-Leena;8
Eila-Maija;8
Elbe;8
Elean;8
Electra;8
Elisheva;8
Ella-Maaria;8
Ella-Noora;8
Elli-Maija;8
Ellis;8
Emely;8
Emma-Liisa;8
Enkeli;8
Enny;8
Erina;8
Ertta;8
Estela;8
Eszter;8
Eva-Kaarina;8
Eva-Maija;8
Everiina;8
Eyvor;8
Fanny-Maria;8
Faraj;8
Felicitas;8
Felisia;8
Filomena;8
Franseska;8
Gillian;8
Gina;8
Giuseppina;8
Gul;8
Gunnarsdotter;8
Gunvi;8
Habiba;8
Hannantytär;8
Hannemari;8
Hannika;8
Hawa;8
Havanna;8
Heine;8
Helmine;8
Helmi-Orvokki;8
Helvia;8
Henryntytär;8
Hento;8
Hersi;8
Hildi;8
Hilta;8
Hinriikka;8
Huseen;8
Iidaliina;8
Iinu;8
Iise;8
Inaria;8
Ingabritt;8
Inga-Lisa;8
Ing-Britt;8
Ingmarsdotter;8
Ipek;8
Irana;8
Janeta;8
Jasim;8
Jasmiine;8
Jasmiitta;8
Jerika;8
Jesmina;8
Joa;8
Jocelyn;8
Julieta;8
Julitta;8
Junita;8
Juunia;8
Kadhim;8
Kadir;8
Kara;8
Kareem;8
Kareniina;8
Kataliina;8
Katriine;8
Keren;8
Ketsia;8
Konkordia;8
Konstantia;8
Konstantina;8
Kreta;8
Kristelle;8
Laelia;8
Laxmi;8
Léa;8
Leenu;8
Lennartsdotter;8
Leontina;8
Lian;8
Lilja-Maria;8
Liljan;8
Lisabet;8
Lisabeth;8
Lisandra;8
Lisi;8
Liu;8
Liz;8
Ljuba;8
Lou;8
Louhi;8
Lumitähti;8
Maarin;8
Mackenzie;8
Maijukka;8
Manja;8
Mara;8
Marguerita;8
Maria-Riitta;8
Marie-Ann;8
Mario;8
Marja-Kristiina;8
Marjutta;8
Marutzella;8
Matias;8
Matilta;8
May-Britt;8
Megan;8
Melania;8
Melika;8
Melisse;8
Melitta;8
Merida;8
Meriella;8
Meriitta;8
Meritähti;8
Mette-Maria;8
Metti;8
Michèle;8
Midenette;8
Miija;8
Milaya;8
Miliza;8
Milsina;8
Minnantytär;8
Mireia;8
Montserrat;8
Muslim;8
Naa;8
Naseer;8
Nea-Maria;8
Nelle;8
Nhan;8
Nikoliina;8
Nisa;8
Noel;8
Noëlle;8
Nu;8
Odilia;8
Olavsdotter;8
Oodi;8
Ornella;8
Paraskeva;8
Patrice;8
Paulintytär;8
Perpetua;8
Pippuriina;8
Pirja;8
Pisara;8
Precious;8
Priska;8
Pyry;8
Qing;8
Que;8
Raad;8
Rafaella;8
Rahim;8
Rida;8
Riikantytär;8
Rocio;8
Rosa-Maaria;8
Rosetta;8
Ros-Maj;8
Roswitha;8
Ruuth;8
Saania;8
Safiye;8
Sahrami;8
Salam;8
Sanerva;8
Sanna-Maarit;8
Sarafiina;8
Satumaria;8
Selda;8
Serefiina;8
Sevanja;8
Sevim;8
Shu;8
Si;8
Sigrun;8
Singh;8
Sini-Sofia;8
Sirilla;8
Sisilia;8
Stensdotter;8
Sulamith;8
Sultan;8
Sunna;8
Suvimarja;8
Syksy;8
Synneve;8
Tabassum;8
Tapio;8
Tham;8
Tiara;8
Tiila;8
Tilhi;8
Tommysdotter;8
Tonja;8
Tony;8
Topintytär;8
Torsdotter;8
Trine;8
Tuovikki;8
Tuua;8
Tuuli-Maaria;8
Ulla-Kaarina;8
Ulla-Riikka;8
Vadelmiina;8
Valkyria;8
Valotar;8
Wanessa;8
Warda;8
Veina;8
Veneda;8
Wilina;8
Wilja;8
Wisam;8
Wiveca;8
Vivi-Anne;8
Yagmur;8
Yamina;8
Yasir;8
Aada-Emilia;7
Abdinur;7
Abdiqani;7
Adeele;7
Adiina;7
Ágnes;7
Aino-Maaria;7
Ainomari;7
Ainotar;7
Aire;7
Akinyi;7
Akira;7
Akustiina;7
Alanna;7
Aleftina;7
Aleksintytär;7
Almira;7
Alviida;7
Amaalia;7
Amanita;7
Amaryllis;7
Amer;7
Amparo;7
Anas;7
Andreasdotter;7
Andreevna;7
Andrejevna;7
Andrietta;7
Anele;7
Anemone;7
Anervi;7
Anessa;7
Anjali;7
Anja-Maija;7
Anja-Maria;7
Anna-Kaija;7
Anna-Lea;7
Anna-Leea;7
Anna-Lotta;7
Anna-Lovisa;7
Anna-Maj;7
Anna-Mariia;7
Annarilla;7
Annarosa;7
Ann-Charlotta;7
Ann-Cristine;7
Anneliese;7
Anneliisa;7
Anne-Marika;7
Annevi;7
Ann-Gret;7
Annick;7
Anni-Helena;7
Anni-Mari;7
Anrika;7
Ansela;7
Anselica;7
Anselina;7
Araceli;7
Ariadna;7
Ariya;7
Aroha;7
Asaad;7
Asli;7
Asmin;7
Aunikki;7
Avalon;7
Avril;7
Ayomide;7
Azalea;7
Azra;7
Bambi;7
Bertina;7
Beryl;7
Betina;7
Binta;7
Birjetta;7
Björk;7
Brynhild;7
Caisa;7
Caridad;7
Caritta;7
Castalia;7
Charles;7
Charlie;7
Christabel;7
Coco;7
Concordia;7
Consuelo;7
Dakhil;7
Dakota;7
Dania;7
Danika;7
Dansdotter;7
Davina;7
Defne;7
Delal;7
Delphine;7
Demi;7
Deng;7
Dominica;7
Doreen;7
Dorota;7
Dunja;7
Editha;7
Edward;7
Eeri;7
Eeva-Marjatta;7
Eeva-Sofia;7
Efua;7
Elaisa;7
Eleanore;7
Elfriede;7
Ellika;7
Elna-Maria;7
Elo;7
Elsbet;7
Else-Mai;7
Elwa;7
Elysia;7
Emad;7
Emese;7
Emilyn;7
Emmi-Sofia;7
Enid;7
Ennea;7
Erzsébet;7
Esti;7
Etelka;7
Etna;7
Eufrosyyne;7
Eweliina;7
Eveliisa;7
Evianna;7
F.;7
Farida;7
Felice;7
Fina;7
Fiorella;7
Fong;7
France;7
Franceska;7
Franselia;7
Frederica;7
Georgievna;7
Germaine;7
Gisele;7
Graziella;7
Gullan;7
Gullborg;7
Gwendoline;7
Hafidh;7
Hafsa;7
Hagi-Dirie;7
Halima;7
Hanna-Riitta;7
Hanna-Sofia;7
Hannel;7
Helèn;7
Helené;7
Héléne;7
Helmiira;7
Herdis;7
Hildegund;7
Hirsi;7
Husein;7
Ida-Emilia;7
Ida-Mari;7
Idiris;7
Iida-Liisa;7
Iivi;7
Ikram;7
Ila;7
Ilmari;7
Ina-Maria;7
Inas;7
Indigo;7
Ingrit;7
Inkariina;7
Ioanna;7
Ireeni;7
Irinka;7
Isabela;7
Isidora;7
J;7
Jadelina;7
Janiela;7
Janiitta;7
Jeanna;7
Jedita;7
Jenna-Maria;7
Jennyfer;7
Jerina;7
Jevgenjevna;7
Jiina;7
Johana;7
Jolene;7
Jolina;7
Júlia;7
Jurievna;7
Ka;7
Kaiju;7
Kaisamaria;7
Kalinka;7
Kamilia;7
Katarin;7
Katjusa;7
Katya;7
Kaya;7
Kayla;7
Kea;7
Kerttu-Liisa;7
Kiki;7
Kinga;7
Kirsimaria;7
Kirta;7
Kjellsdotter;7
Krista-Maria;7
Kustava;7
Kyynel;7
Kätlin;7
Laia;7
Lamores;7
Lang;7
Laurina;7
Leenantytär;7
Leida;7
Leifsdotter;7
Lena-Maria;7
Lenina;7
Leonda;7
Letizia;7
Liine;7
Liini;7
Liisa-Mari;7
Lili-Ann;7
Lillevi;7
Lillukka;7
Lindsay;7
Lintu;7
Livian;7
Lois;7
Lore;7
Lotus;7
Luay;7
Lucinda;7
Lumikirsikka;7
Lycka;7
Maaritta;7
Madalena;7
Maddalena;7
Madlena;7
Magali;7
Magdalen;7
Magdalene;7
Mai-Brit;7
Maij-Lis;7
Maijuli;7
Mailen;7
Maj-Helen;7
Mali;7
Mandy;7
Marga;7
Marguerithe;7
Marieta;7
Mari-Johanna;7
Marili;7
Mari-Sofi;7
Marja-Elina;7
Marja-Lena;7
Marjue;7
Marliina;7
Marthe;7
Mathiasdotter;7
Maxamed;7
Meena;7
Melani;7
Melica;7
Mercedez;7
Merena;7
Meria;7
Meriam;7
Merianna;7
Meriina;7
Meri-Maaria;7
Merisa;7
Merle;7
Merliina;7
Michel;7
Michell;7
Mihaela;7
Mikontyttö;7
Milene;7
Milga;7
Miliana;7
Milja-Maaria;7
Milona;7
Mimmu;7
Minetta;7
Minnéa;7
Minta;7
Miralda;7
Miriikka;7
Mirjana;7
Misella;7
Mo;7
Moalim;7
Mohd;7
Mubarak;7
Muhidin;7
Myrna;7
Mysi;7
Nadeschda;7
Nadina;7
Namir;7
Neema;7
Nefeli;7
Nelliina;7
Nenne;7
Nerea;7
Nichole;7
Nicol;7
Nicoleta;7
Niki;7
Nikole;7
Nikoletta;7
Nila;7
Nneka;7
Oivikki;7
Okariina;7
Okuliina;7
Oo;7
Orion;7
Orkidea;7
Osmi;7
Pandora;7
Paz;7
Petrova;7
Petunia;7
Pirgitta;7
Preet;7
Pricella;7
Päivänkukka;7
Quinn;7
Raed;7
Rain;7
Rainersdotter;7
Ralfsdotter;7
Raphaela;7
Regine;7
Reneé;7
Riitta-Maria;7
Rogersdotter;7
Roosa-Mari;7
Rosa-Emilia;7
Rosali;7
Rosana;7
Rosida;7
Rosinda;7
Roya;7
Ruusunkukka;7
Sadia;7
Saiid;7
Salem;7
Salim;7
Salla-Maarit;7
Sameer;7
Sang;7
Sanne;7
Saretta;7
Sari-Susanna;7
Sattar;7
Satu-Sinikka;7
Saulintytär;7
Seija-Liisa;7
Seline;7
Shaker;7
Sharona;7
Sierra;7
Signild;7
Siiri-Sofia;7
Sini-Maarit;7
Sinipilvi;7
Sirina;7
Sirkkaliisa;7
Sivina;7
Sofianne;7
Sofiella;7
Sofii;7
Soineli;7
Sonata;7
Star;7
Subhi;7
Sulami;7
Sumaya;7
Sun;7
Susanni;7
Suvikukka;7
Suzette;7
Syrena;7
Taira;7
Taisa;7
Tarek;7
Tenhikki;7
Terecia;7
Terella;7
Terhen;7
Tha;7
Thoa;7
Tiina-Maria;7
Tikkanen;7
Timotei;7
Titi;7
Titti;7
Toivontytär;7
Tomsdotter;7
Tong;7
Triin;7
Tuittu;7
Tuula-Anneli;7
Ulla-Brita;7
Ullamaija;7
Ulla-May;7
Unaja;7
Untuva;7
Urda;7
Wah;7
Vailet;7
Vallikki;7
Wanja;7
Veela;7
Veijontytär;7
Venita;7
Werna;7
Véronique;7
Victorine;7
Wiivi;7
Wiliina;7
Viljontytär;7
Win;7
Wing;7
Wivian;7
Yada;7
Ye;7
Yordanova;7
Yousef;7
Yuan;7
Zahraa;7
Zehra;7
Zina;7
Zoé;7
Zoheir;7
Zuhair;7
Aada-Sofia;6
Aale;6
Aaron;6
Aasa;6
Abdihakin;6
Abdihamid;6
Abdikani;6
Abdilaahi;6
Abdilahi;6
Abdiwahid;6
Abdul-Hussain;6
Abdullaahi;6
Abdurahman;6
Adeela;6
Adelmina;6
Adrianne;6
Afua;6
Aidi;6
Aija-Leena;6
Aiju;6
Ainoa;6
Ainut;6
Aisling;6
Ajatar;6
Aksenia;6
Akulina;6
Akvilina;6
Aldi;6
Aleksanni;6
Aleksi;6
Aliana;6
Alic;6
Aliisia;6
Alissia;6
Alita;6
Aliyah;6
Aliza;6
Allikki;6
Almas;6
Almiira;6
Ameli;6
Amélia;6
Amica;6
Amjad;6
Ammar;6
Anastazia;6
Ancelica;6
Andra;6
Andreina;6
Aneta;6
Angelie;6
Angeliga;6
Angélique;6
Angie;6
Ánh;6
Aniella;6
Anikka;6
Anjuli;6
Anna-Beata;6
Anna-Erika;6
Anna-Julia;6
Anna-Katarina;6
Annalea;6
Anna-Marita;6
Anna-Matilda;6
Anna-Pauliina;6
Anna-Riina;6
Annariitta;6
Anne-Helena;6
Annelei;6
Annemaj;6
Anni-Kaisa;6
Anni-Maija;6
Annita;6
Anny;6
Antje;6
Antrea;6
Anttonina;6
Aoife;6
Aparecida;6
Apolonia;6
Aranka;6
Armiita;6
Asif;6
Asla;6
Auma;6
Aure;6
Aurélia;6
Aurélie;6
Auvo;6
Aweis;6
Aveline;6
Aye;6
Ayesha;6
Batseba;6
Beatris;6
Belén;6
Benedicte;6
Benedikta;6
Benedikte;6
Berenike;6
Berith;6
Birthe;6
Boel;6
Bonita;6
Bricella;6
Bridget;6
Camomilla;6
Carmelita;6
Carole;6
Casimira;6
Catarine;6
Cathérine;6
Cathrina;6
Cennet;6
Ceres;6
Chanelle;6
Charita;6
Charlize;6
Chatarine;6
Cherie;6
Cheyenne;6
Chia;6
Claudette;6
Clementine;6
Cruz;6
Cuc;6
da;6
Danica;6
Danita;6
Dara;6
Dareia;6
Darlene;6
Darya;6
Dayana;6
Deone;6
Dilek;6
Dinh;6
Dione;6
Domenica;6
Donata;6
Dong;6
Donya;6
Dorothéa;6
Edea;6
Ediita;6
Ediitta;6
Eemil;6
Eerina;6
Eetuntytär;6
Eeva-Helena;6
Eevamaija;6
Eevamari;6
Eija-Sinikka;6
Eilia;6
Einontytär;6
Eirin;6
Ekaterini;6
Elenoora;6
Elenora;6
Eliora;6
Elisapet;6
Ella-Sofia;6
Ellin;6
Elodie;6
Elsebet;6
Elsi-Maj;6
Elssa;6
Elyse;6
Emeli;6
Emeliia;6
Emerentsia;6
Emeriikka;6
Emi;6
Emma-Lotta;6
Emma-Maria;6
Emmiliina;6
Enea;6
Erda;6
Ericsdotter;6
Esi;6
Esosa;6
Essi-Maria;6
Estrella;6
Etla;6
Eufrosiina;6
Eunike;6
Eva-Britt;6
Eva-Mari;6
Evamaria;6
Eveliia;6
Eve-Liina;6
Evely;6
Evie;6
Evilda;6
F;6
Fabienne;6
Faleh;6
Fang;6
Fedosia;6
Feng;6
Fleur;6
Francina;6
Francoise;6
Frederiikka;6
Gabriel;6
Gay;6
Gea;6
Genoveva;6
Georgine;6
Ghislaine;6
Ghita;6
Gilda;6
Grazia;6
Grazyna;6
Gretchen;6
Gundborg;6
Gundel;6
Haagar;6
Haashi;6
Hadassa;6
Haijele;6
Hamad;6
Hamdan;6
Hamza;6
Hanna-Maarit;6
Hannastiina;6
Hanne-Marie;6
Harrietta;6
Hazal;6
Helme;6
Helmia;6
Helmi-Ilona;6
Helmikki;6
Helmimaria;6
Henna-Leena;6
Henriet;6
Hermione;6
Hetafia;6
Heta-Liisa;6
Hildeborg;6
Hildegun;6
Hilla-Maaria;6
Hillamaria;6
Hymmi;6
Idalmiina;6
Ida-Lotta;6
Ihanne;6
Iija;6
Ijeoma;6
Ilene;6
Ilenna;6
Ilham;6
Ilieva;6
Ilmarintytär;6
Ilse-Maj;6
Imelda;6
Inanna;6
Inca;6
Ingel;6
Ingeri;6
Inneli;6
Ise;6
Isman;6
Jacobina;6
Jacobine;6
Jadele;6
Jadelia;6
Jakovlevna;6
Jamilla;6
Janira;6
Jawad;6
Jedida;6
Jeena;6
Jefimia;6
Jeni;6
Jertta;6
Jesmiina;6
Jiang;6
Jiia;6
Joenna;6
Johan;6
Jolana;6
Josanna;6
Jose;6
Juan;6
Juliann;6
Juniper;6
K.;6
Kadiye;6
Kaijeli;6
Kaisa-Maija;6
Kaisa-Mari;6
Kaitlyn;6
Kajsdotter;6
Karinsdotter;6
Karmen;6
Karuliina;6
Karuna;6
Kawa;6
Kehatan;6
Kendra;6
Kesätuuli;6
Kha;6
Kide;6
Kimberley;6
Kirsi-Maarit;6
Kirsintytär;6
Kirstine;6
Kleopatra;6
Konstance;6
Koskinen;6
Krispiina;6
Ksenija;6
Kukkamaria;6
Kunilla;6
Kylie;6
Lai;6
Laurantytär;6
Laureline;6
Laurette;6
Lay;6
Leena-Marja;6
Lenore;6
Leonia;6
Lewis;6
Lie;6
Lieselotte;6
Liisamaria;6
Lilya;6
Los;6
Louisé;6
Lovise;6
Lucía;6
Lumiel;6
Luminia;6
Lumpeenkukka;6
Lynette;6
Lyra;6
Maarea;6
Maareka;6
Magdolna;6
Magreta;6
Mahamed-Deeq;6
Mahmud;6
Mai-Leena;6
Maja-Lisa;6
Majken;6
Majok;6
Maj-Viol;6
Manjaana;6
Mansi;6
Manuella;6
Margaux;6
Mari-Anneli;6
Mari-Anni;6
Maricka;6
Marienna;6
Mari-Helen;6
Mariie;6
Mari-Leena;6
Marilia;6
Marjami;6
Marjeta;6
Marjontytär;6
Marjuli;6
Marliisa;6
Marques;6
Martinsdotter;6
Matrona;6
Mattiasdotter;6
Mayow;6
Mazin;6
Meeria;6
Melodi;6
Menna;6
Meretta;6
Merite;6
Merja-Leena;6
Metsälintu;6
Miao;6
Michella;6
Mielo;6
Mikaéla;6
Milanja;6
Millicent;6
Millie;6
Milly;6
Mimma;6
Mindy;6
Mintunkukka;6
Mirena;6
Miroslava;6
Misa;6
Miselle;6
Moo;6
Muhudin;6
Månsdotter;6
Nasrin;6
Nassir;6
Nathali;6
Natja;6
Nazli;6
Neena;6
Nefertiti;6
Nellinoora;6
Neve;6
Nghi;6
Nha;6
Nieves;6
Niilontytär;6
Niitty;6
Nikoline;6
Ning;6
Nini;6
Noela;6
Nuradin;6
Nyyrikki;6
Nyyti;6
Olga-Maria;6
Onjukka;6
Othman;6
Otontytär;6
Ottilja;6
Panuntytär;6
Paolina;6
Paprika;6
Papu;6
Pauliine;6
Pelin;6
Penni;6
Petruska;6
Phi;6
Phoebe;6
Piret;6
Prisella;6
Priskilla;6
Qi;6
Qiao;6
R;6
Rahma;6
Raven;6
Ray;6
Razzak;6
Reetta-Maria;6
René;6
Renita;6
Robertina;6
Robyn;6
Rochelle;6
Roma;6
Ronya;6
Rosalind;6
Rosemari;6
Rose-Maria;6
Rosette;6
Rosi;6
Roxanna;6
Runa-Lisa;6
Ruusu-Marja;6
Saarai;6
Sabir;6
Sadelma;6
Saga-Maria;6
Sahra;6
Saiga;6
Saija-Leena;6
Saili;6
Sakariina;6
Samatha;6
Sampontytär;6
Sanna-Leena;6
Sanna-Maaria;6
Sannamaria;6
Sannika;6
Sanni-Sofia;6
Sara-Tuulia;6
Satumarja;6
Say;6
Scarlet;6
Selen;6
Selenia;6
Selmi;6
Senita;6
Serafin;6
Serefina;6
Seren;6
Serene;6
Sevgi;6
Shania;6
Sharmila;6
Sheekh;6
Shira;6
Siena;6
Siikri;6
Siimi;6
Sila;6
Sindi;6
Sinerva;6
Sini-Tuuli;6
Sini-Vuokko;6
Sirene;6
Siria;6
Sirigli;6
Sirkku-Liisa;6
Sirppa;6
Snövej;6
Socorro;6
Soe;6
Sofiaana;6
Sofié;6
Stefani;6
Stéphanie;6
Sultana;6
Sundari;6
Suvi-Kukka;6
Suvi-Marja;6
Sydney;6
Sörensdotter;6
Tahir;6
Tareq;6
Tarja-Liisa;6
Taunontytär;6
Tehila;6
Tellu;6
Terés;6
Teresé;6
Terézia;6
Terja;6
Teuvontytär;6
Therecia;6
Thérese;6
Thomas;6
Timea;6
Tiuhti;6
Toivi;6
Tordis;6
Tuula-Riitta;6
Tuuletar;6
Ulla-Liisa;6
Ulla-Mari;6
Urania;6
Vadimovna;6
Wael;6
Valora;6
Wan;6
Vanesa;6
Vasilevna;6
Vea;6
Weera;6
Veeruska;6
Venni;6
Victoire;6
Victorina;6
Villa;6
Vineda;6
Vivea;6
Xing;6
Yao;6
Yaseen;6
Yaser;6
Yemina;6
Yetunde;6
Yrjöntytär;6
Yuki;6
Zaya;6
Zhen;6
Zilan;6
Aalto;5
Aamurusko;5
Aarikka;5
Aata;5
Abas;5
Abdelrazzaq;5
Abdiladif;5
Abdiqadar;5
Abdirisaaq;5
Abdukadir;5
Abiola;5
Abril;5
Abuukar;5
Adalfiina;5
Adama;5
Adaora;5
Addison;5
Adelene;5
Adonica;5
Agathe;5
Ahdintytär;5
Ahmed-Wali;5
Aidiid;5
Aime;5
Ainhoa;5
Aino-Ilona;5
Aino-Leena;5
Aino-Mari;5
Airut;5
Aiva;5
Akiko;5
Akselina;5
Aksinja;5
Aku;5
Alam;5
Alawi;5
Alea;5
Alegria;5
Aleksanteri;5
Alexandrina;5
Alexintytär;5
Alfilda;5
Alfsol;5
Alheidi;5
Aliissa;5
Allas;5
Allie;5
Allis;5
Almaz;5
Alona;5
Alpertiina;5
Alpontytär;5
Alvia;5
Aly;5
Alya;5
Amada;5
Amelina;5
Anatolevna;5
Anceliina;5
Andrée;5
Aneli;5
Anfisa;5
Angele;5
Anica;5
Anida;5
Anjukka;5
Anleena;5
Anna-Eliisa;5
Anna-Inkeri;5
Anna-Linnea;5
Anna-Lis;5
Anna-Lyydia;5
Annamarie;5
Ann-Christina;5
Anne-Kaarina;5
Anne-Lie;5
Anne-Louise;5
Annemo;5
Anne-Sofia;5
Anni-Emilia;5
Anni-Leena;5
Anni-Liisa;5
Ann-Len;5
Ann-Maarit;5
Ann-Margaret;5
Ann-Mary;5
Anouk;5
Anrietta;5
Anseli;5
Anseliga;5
Anselma;5
Anshur;5
Ansuliina;5
Antero;5
Anterontytär;5
Anthonia;5
Antonetta;5
Antonette;5
Antonie;5
Antonietta;5
Antonovna;5
Anttila;5
Anuliisa;5
Anyango;5
Aqviliina;5
Aram;5
Arelia;5
Areliina;5
Armiina;5
Arvida;5
Asha;5
Asikainen;5
Asma;5
Astrit;5
Atentytär;5
Ateya;5
August;5
Autumn;5
Awadh;5
Avila;5
Awino;5
Axelia;5
Aynur;5
B.;5
Ba;5
Bach;5
Banu;5
Bassam;5
Beatha;5
Beatrise;5
Begum;5
Ben;5
Benedetta;5
Beritan;5
Bernhardina;5
Bertilsdotter;5
Bethany;5
Betti;5
Billie;5
Binh;5
Blondina;5
Briana;5
Burhan;5
Buule;5
C;5
Caarin;5
Calista;5
Camelia;5
Caritas;5
Carlota;5
Carmencita;5
Cataleya;5
Cathleen;5
Cecelia;5
Célestine;5
Cemile;5
Cerys;5
Chang;5
Cheng;5
Cheri;5
Cherry;5
Chidera;5
Chinh;5
Cho;5
Christa-Maria;5
Christianna;5
Clark;5
Claude;5
Cleopatra;5
Clotilde;5
Concepcion;5
Corina;5
Cosima;5
Courtney;5
Daaria;5
Dagmari;5
Dalmar;5
Damita;5
Danai;5
Daniéla;5
Danira;5
Daphne;5
Deciré;5
Dede;5
Delali;5
Delicia;5
Denisovna;5
Denize;5
Desirèe;5
Devina;5
Diamanda;5
Dias;5
Dionne;5
Divine;5
Dóra;5
Ece;5
Edeveig;5
Eeva-Maaria;5
Eija-Maria;5
Eila-Maria;5
Eile;5
Einarsdotter;5
El;5
Elefteria;5
Elenna;5
Elfride;5
Elinantytär;5
Elisbeth;5
Ellamari;5
Ellenor;5
Elli-Ilona;5
Elodia;5
Elsayed;5
Elsemaj;5
Else-Maria;5
Else-Marie;5
Emel;5
Emelié;5
Emélie;5
Emilina;5
Eminna;5
Emma-Amanda;5
Emmanuela;5
Ena;5
Erinna;5
Erla;5
Eslem;5
Esmeray;5
Estera;5
Eufemiia;5
Euniika;5
Eunika;5
Éva;5
Eva-Helena;5
Eva-Lena;5
Eva-Stiina;5
Evelyne;5
Evgenjevna;5
Evjen;5
Fabiola;5
Fadel;5
Faine;5
Fatah;5
Fatiha;5
Fatnan;5
Favour;5
Fayak;5
Fee;5
Felia;5
Felisa;5
Felizia;5
Fenella;5
Feride;5
Firas;5
Flor;5
Francis;5
Freesia;5
Geneviève;5
Genia;5
Giau;5
Gitte;5
Glenda;5
Gunneli;5
Gunne-Maj;5
Hailey;5
Hajar;5
Hallatar;5
Hanan;5
Hanna-Lena;5
Hannamaija;5
Hanna-Marja;5
Hanna-Reetta;5
Hanne-Maaria;5
Hanne-Maria;5
Hanniina;5
Hannukka;5
Hazim;5
Hee;5
Hei;5
Heinä;5
Helène;5
Helintytär;5
Helja;5
Hella;5
Henna-Emilia;5
Henna-Maaria;5
Henrikintytär;5
Hermina;5
Herta;5
Heta-Stiina;5
Honey;5
Hortensia;5
Hyang;5
Idris;5
Ifeoluwa;5
Iida-Maaria;5
Iidamari;5
Ilena;5
Ilia;5
Illucia;5
Ilpontytär;5
Imani;5
Inés;5
Ineza;5
Ingá;5
Inga-Lena;5
Ingaliina;5
Inker;5
Inni;5
Irem;5
Iria;5
Iza;5
Jadette;5
Jalna;5
Jamilia;5
Janete;5
Jassim;5
Javiera;5
Jebet;5
Jelisa;5
Jelmiina;5
Jeniina;5
Jenisa;5
Jesus;5
Jeudokia;5
Jewel;5
Jillian;5
Jina;5
Joanina;5
Joella;5
Johanneksentytär;5
Johnsdotter;5
Jonnantytär;5
Jouki;5
Juhanna;5
Julian;5
Julienna;5
Julita;5
Julius;5
Juljaana;5
Jun;5
Jurevna;5
Kaia;5
Kaisa-Leena;5
Kaisantytär;5
Kaisla-Maria;5
Kalaf;5
Kalevintytär;5
Kalif;5
Kanon;5
Karinka;5
Karlotte;5
Karma;5
Karrar;5
Kaspia;5
Kassim;5
Katariine;5
Katiina;5
Kati-Maria;5
Katja-Maria;5
Kaunokki;5
Keesia;5
Keijontytär;5
Kerensa;5
Kerim;5
Kerttu-Maria;5
Kevättuuli;5
Kezia;5
Kiisa;5
Kikka;5
Kitta;5
Kjerstin;5
Kornelia;5
Kristabel;5
Kristalli;5
Kristianintytär;5
Kultakukka;5
Kurtsdotter;5
Kuutamo;5
Kyllevi;5
Kyra;5
Käte;5
la;5
Lalana;5
Lana;5
Lani;5
Latifa;5
Lauria;5
Leena-Marjatta;5
Leene;5
Lehtonen;5
Leilani;5
Lemoni;5
Lenny;5
Leonarda;5
Leonida;5
Leontytär;5
Liane;5
Liang;5
Liibaan;5
Liisa-Maija;5
Liisa-Marie;5
Liisa-Marjatta;5
Lillan;5
Lillebil;5
Lillie;5
Lilli-Maria;5
Linda-Marie;5
Lindiwe;5
Lindsey;5
Linneá;5
Lis-Britt;5
Liseli;5
Lizbeth;5
Lora;5
Loren;5
Lorette;5
Lori;5
Lorna;5
Lu;5
Lucilla;5
Lumimaria;5
Lunetta;5
Lyn;5
Maarian;5
Maarianna;5
Maarica;5
Maarina;5
Madeliina;5
Madelina;5
Madelyn;5
Madlen;5
Mahamuud;5
Maija-Kaisa;5
Maijaleena;5
Mailiisa;5
Mailin;5
Maisie;5
Makena;5
Malanja;5
Malka;5
Manon;5
Marcia;5
Marén;5
Máret;5
Marette;5
Margalit;5
Margiitta;5
Maria-Elena;5
Maria-Kaarina;5
Mariane;5
Maria-Teresa;5
Maria-Therese;5
Maribella;5
Marieela;5
Mariem;5
Mariga;5
Marijke;5
Marileena;5
Marilin;5
Marinette;5
Marite;5
Marja-Anneli;5
Marja-Kaisa;5
Marja-Lea;5
Marjalee;5
Marja-Lee;5
Marjaliina;5
Marjantytär;5
Marja-Sofia;5
Marjel;5
Marjette;5
Marjus;5
Marlis;5
Marquerite;5
Marry;5
Márta;5
Marutsella;5
Marya;5
Maryan;5
Mary-Annie;5
Mateli;5
Mathea;5
Matti;5
Mattsdotter;5
Mauriitta;5
Mayvor;5
Mekki;5
Mélanie;5
Melena;5
Mellida;5
Melodie;5
Meryam;5
Metsäkukka;5
Mette-Maarit;5
Mettiina;5
Michiko;5
Miima;5
Miina-Maria;5
Miinu;5
Milanna;5
Milica;5
Milisa;5
Millamaria;5
Mimia;5
Minnaliisa;5
Minnamari;5
Minnamaria;5
Minou;5
Mio;5
Mirabelle;5
Miray;5
Mireka;5
Miriami;5
Mirian;5
Mirika;5
Modupe;5
Mohsin;5
Mohyidin;5
Moira;5
Molla;5
Mona-Maria;5
Mong;5
Monia;5
Moon;5
Morgana;5
Mousa;5
Mugure;5
Muhudiin;5
Muoi;5
Musamad;5
Mya;5
Myrtle;5
Myrtti;5
Naajeh;5
Nadira;5
Nadya;5
Naji;5
Nam;5
Nanne;5
Narin;5
Naser;5
Nasir;5
Nastasja;5
Natalina;5
Nataly;5
Natta;5
Ndidi;5
Neda;5
Neila;5
Nelmi;5
Nettie;5
Ni;5
Nicolé;5
Nike;5
Nikontytär;5
Ninnu;5
Nnenna;5
Noelani;5
Noémie;5
Nohair;5
Noora-Maria;5
Noori;5
Nor;5
Norah;5
Noriko;5
Océane;5
Ofilia;5
Olinda;5
Oliva;5
Olka;5
Ololade;5
Oluchi;5
Oluwakemi;5
Oluwanifemi;5
Onniina;5
Onyinyechi;5
Oskariina;5
Otavatar;5
Otteliina;5
Ottilie;5
Oula;5
Overgaard;5
Pamina;5
Patriksdotter;5
Patrycja;5
Pauleena;5
Peltola;5
Peninna;5
Petra-Maria;5
Phan;5
Pihla-Maaria;5
Piippo;5
Piper;5
Pippa;5
Pippi;5
Pirkko-Leena;5
Piroska;5
Pontusdotter;5
Primrose;5
Qasem;5
Qin;5
Queen;5
Rabeh;5
Rachelle;5
Rachida;5
Raffaella;5
Ragnarsdotter;5
Rahel;5
Rai;5
Ramintytär;5
Rana;5
Ranya;5
Raunikki;5
Reetrika;5
Riana;5
Riona;5
Roble;5
Rode;5
Róisín;5
Rong;5
Rosabel;5
Rosamarie;5
Rosaria;5
Roselia;5
Roseline;5
Roselyn;5
Rosine;5
Rosmarin;5
Rozalia;5
Ru;5
Rufina;5
Ruken;5
Ruusumaria;5
Ruusu-Maria;5
Ruuti;5
Saara-Liisa;5
Saarinen;5
Saarlotta;5
Sabeeh;5
Sabri;5
Sabrin;5
Sadette;5
Sadoon;5
Saduntytär;5
Safaa;5
Said-Kader;5
Saimaa;5
Sallamaaria;5
Salmi;5
Samulintytär;5
Sandra-Sofia;5
Sandy;5
Sane;5
Sanella;5
Sannakaisa;5
Sannimari;5
Sanra;5
Santos;5
Saraliina;5
Sariella;5
Satu-Helena;5
Sea;5
Sebastião;5
Sefanja;5
Sefyriina;5
Seila;5
Seleste;5
Semira;5
Serwaa;5
Sevilla;5
Sh.;5
Shabo;5
Shafici;5
Shahid;5
Shakir;5
Sharmarke;5
Shathy;5
Sheik;5
Shirwa;5
Shwan;5
Siad;5
Sievi;5
Siime;5
Siiri-Maria;5
Silje;5
Simon;5
Simonetta;5
Simonsdotter;5
Sinililja;5
Sini-Marja;5
Sini-Pilvi;5
Siobhan;5
Sippola;5
Sirikiitta;5
Sisay;5
Sita;5
Siw;5
Sofia-Maria;5
Sofi-Maria;5
Sofina;5
Sofiya;5
Solena;5
Solfrid;5
Song;5
Stina-Maria;5
Storm;5
Sulaiman;5
Susannantytär;5
Suvi-Anna;5
Suvi-Sisko;5
Suzana;5
Sylviina;5
Säkene;5
Taila;5
Tanjantytär;5
Tanveer;5
Tao;5
Tariq;5
Tarjantytär;5
Tarmontytär;5
Taru-Tuulia;5
Tasneem;5
Tea-Tuulia;5
Teila;5
Terece;5
Terhintytär;5
Therece;5
Therés;5
Thilda;5
Thom;5
Thúy;5
Tiina-Liisa;5
Tiivi;5
Tikva;5
Tiltu;5
Timna;5
Tinuviel;5
Tirliina;5
Tomas;5
Toni;5
Tsambika;5
Tuikku;5
Tuli;5
Tuukantytär;5
Tuulimaria;5
Tähdikki;5
Ulla-Britta;5
Ulla-Maaria;5
Unerva;5
Usman;5
Ut;5
Wai;5
Waithera;5
Waleed;5
Valentia;5
Valentin;5
Walentina;5
Valeriina;5
Valfrida;5
Wali;5
Walma;5
Valonsäde;5
Valvi;5
Waseem;5
Veikontytär;5
Veneta;5
Veronique;5
Via;5
Viet;5
Viktooria;5
Viktorinna;5
Vilhelmine;5
Vilhemiina;5
Vilinä;5
Willa;5
Winifred;5
Vione;5
Virginie;5
Xia;5
Xinyi;5
Xu;5
Yahia;5
Yasmeen;5
Yoanna;5
Yonis;5
Yousuf;5
Yue;5
Yulia;5
Zaki;5
Zannat;5
Zelealem;5
Zhang;5
Zhi;5
Zi;5
Zia;5
Zineb;5
Ziyad;5
Älva;5